French	Mə̀dʉ̂mbɑ̀
-L'idée d'une société égalitaire et idéalement harmonieuse,fondée sur l'égalité absolue — ou sur certains degrés d'égalité — entre êtres hum̂ains,est très ancienne : elle est largement antérieure,aussi bien à l'apparition de la mouvance politique communiste qu'au mot « communisme » lui-même	Nǔ njʉ kə̀ tɔ̀tə̀ mbɛ̀n mbə bə njʉ ntʉ̂m zə njôn bə̀n fa tswə̂ num diaŋ ncʉ̀ʼ lɑ, kə nə bə ngɔ̌ ntʉ̂m zə̀ sɑ̂m mɛn kə̂ʼ cʉà môʼ lɑ bə ɑ̂ nkwàtə̀ ndʉ̀ a ghobtə̀ nə̀tɛ̌d bə̀nntʉ̀n	A nâʼ bwôg bə̂ ne nkwàtə̀ ne tɔ̂̂ ngɔ̀ ntʉ̂m zə mɛ̀n kə̂ʼ cʉɑ̀ môʼ lɑ.
-L'espérance de vie de cet animal est en moyenne de onze ans, sachant que la durée de vie peut habituellement aller de huit à vingt et un ans	Ngə̀laŋ bo bwə i lɑ, be a tswə nguʼ ncòbncʉ̀ʼ gham, ndɛ̂n mbə bə̂ a tswə nətoʼ ngùʼ fomə nkûm ngùʼ ncòbncʉ̀ʼ ŋambɑhɑ
-Son sens de l'orientation est beaucoup plus précis que celui de l'homme	A bə̂ ndɛ̂n nə̀ kâ mbɛ̀n nkwimtə mɑ̂nzə̀ ncʉâ mɛ̀nntʉ̀n
-De même, son sens de l'équilibre serait légèrement plus aiguisé	Ndâŋndaŋ a kùʼnǐ ne tsin tʉ kə̀ bàʼ ncʉɑ̂ mə̀nntʉ̀n
-La maladie est une altération des fonctions ou de la santé d'un organisme vivant	Ngòkɛd bə ɑ̂ mbɑ̀tə̀ kə̀bwɔ̀ a bə nsə̂ʼ ntʉ̂m yôg jû lɑ
-On parle aussi bien de la maladie, se référant à l'ensemble des altérations de santé, que d'une maladie, qui désigne alors une entité particulière caractérisée par des causes, des symptômes, une évolution et des possibilités thérapeutiques propres	Bò bə̂ mbɛ̂n ndôʼ nû ne ghònə mbagtə wud nə̀ bàdə̌ yi ncʉâ mbɑ̀ ngòkɛle zə̀ a ghʉ̂m zə̀ mâd nə làʼtə̀ lɑ, ngʉ̂ zə̀ ju a bə̂ nkam i lɑ, ngʉ̂ zə̀ màd ne bàtə̌ mbɛ̀n ngʉ̂ fu sə
-Un malade est une personne souffrant d'une maladie, qu'elle soit déterminée ou non	Ngà ngòkɛd bə ɑ̂ mɛ̀nntʉ̀n a cwɛ̂d ngôn nɑ	Kɑ̀ bo lɛ̂n ngokɛd kɑ bò kə lɛ̀n nô
-La plupart du temps ce terme est utilisé pour désigner un être humain	Bò nkə njâ yən yə̂n jûncob li ɑ̂ ngə̀laŋ zə̀ bo cwɛ̂d ncob nû nǔm mə̀nntʉ̀n nɑ
-Lorsqu'il est pris en charge par un médecin ou qu'il reçoit une attention médicale, on parle alors de patient	Ngə̀laŋ zə̀ ndɛ̀nghon cwɛ̂d ndɔtə i lɑ a tʉ̂ʼ *patient
-La santé et la maladie sont liées aux processus biologiques et aux interactions avec le milieu social et environnemental	Yòg bô ngòkɛle bumtə ɑ̂ ntàmtə̀ màd wud bə̂ mfâʼ yi lɑ mbɛ̀n ghʉ̂ dʉ̂ʼ ntswə bô cu tsə à ghəbtə mbaŋ mɛ̀n nɑ
-Une école est un établissement où l'on accueille des individus appelés « écoliers » ou élèves afin que des professeurs leur dispensent un enseignement de façon collective	Dʉ̂ʼ ŋwàʼnì bə ɑ̂ tàʼ dʉ̂ zə̀ bə̀nntʉ̀n bò bə̂ ntsiâŋ <<ghâ ziʼtə̀>> lɑ bə̂ nɛ̂n ndʉ̂ bɑ̀ ghâtswitə twsitə yûb ju lɑ
-Les écoles peuvent être obligatoires ou facultatives, selon les pays, durant un temps plus ou moins long	Dʉ̂ʼ ŋwàʼnì bə nzə̌nzə̀ lɑ tsə̀môʼ o nkə nkâ tsə̀môʼ bə ɑ̂ kə̀ kɔ̀ nkɔ̂ ntʉ̂m ngɔ̀ tâŋtàŋ tsə̀môʼo nkə ngubtə tsə̀môʼ kə̀ ghubtə̀
-Dans presque tous les pays (la France par exemple), ce n'est pas l'école qui est obligatoire, mais l'instruction des enfants	Ntʉ̂m mbə̀ʼyɑ̂m ngɔ̀ (bə̀ lôʼ mfìʼ bɑ̀ Flansi), à kə̂ʼ bə ɑ̂ ŋwàʼnì mbɛ̂n mbə kə̀ kɔ̀ nkɔ̂ a bə ɑ̂ tswitə jû bɔnkə
-Dès lors, des parents peuvent décider d'instruire eux-mêmes leurs enfants à la maison ou de les confier à des écoles de leur choix	ndʉlɑlɑ ghʉ̂ ndʉ̂ bɑ tɑ bô bɑ̀ mɑ bon mbɛ̂n nkə kâ lɛ̌n mad bon cob nkə nziʼtə ŋwàʼnì lɑ, kɑ̀ bo bɛ̂n tswitə̀ yub kɑ̀ bo tum yub ɑ̂ dʉ̂ʼŋwàʼ nì lô
-Les bandes de chasseurs-cueilleurs nomades	Ghâ taʼ yòŋ bô bɑ̂ kɑb ntɑm tʉ bo kə̂ʼ ghʉ̌ dʉ̂ʼ ntswə lɑ	
-Du fait de leur taille réduite (guère plus d'une centaine d'individus), et de leur mobilité, ces bandes n'éprouveraient nul besoin d'instituer des autorités politiques permanentes	Mbɑ̀ bo naʼ mbə ke yɑm nɑ (kə̀ mə cʉɑ̀ bə̀n tu nkʉ) mbɑ̀ do nkə njog zin nǔmmbə̂ bo kə̂ ghʉ̌ dʉ̂ʼ ntswə lɑ ndʉlɑlɑ bo kə̀ kwàtə̌ nə coʼ mɛ̀nntʉ̂n a tɔ̀ yub lɑ
-Les membres antérieurs comportent cinq doigts, dont l'un, le pouce, nommé ergot, est atrophié et ne touche pas le sol	Nkû mbʉ mi bo bə̂ mbwə̀ lɑ ghʉ̂ tu nku ɑ̂ tɑn, mɑnduʼ kə̂ʼ bə fàʼ ju kə be kwâʼ caʼ
-Les postérieurs en comptent généralement quatre, l'ergot n'existant que chez certaines races mais pouvant être double chez quelques bergers (beauceron, briard)	Tàŋ njàm nkə ngʉ ɑ̂ kuɑ̀, mɑnduʼ kə̂ mbə bə ntʉ̂m tsə̀môʼ mbʉ ndâʼndʉ̂ tsə̀môʼ mbʉ kùʼnǐ ne ghʉ̌ ncʉʼ kə̀ bɑhɑ lô
-Les cinq orteils se terminent par des griffesnote et sont soutenus par des coussinets plantaires	Ntû nkù fafa ghʉ̂ nkib *...
-La tête du chien comporte une mâchoire puissante	Mbʉ ghʉ̌ nsɔ̂ ncu i ndʉ̀ a tâ nə̀shù
-Les Bamilékés parlaient une langue unique, le bamiléké, jusqu'à leur démembrement au milieu du xive siècle, à la mort de leur souverain	Bɑ̂ Milɛkɛ naʼ nkə ncob ɑ̂ tàʼ ncob ncʉʼ kɑ̀ nkûm ngə̀laŋ bo sàtə̀ lɑ, a naʼ bə ɑ̂ *siècle mbàdtə ncòbkuɑ̀ gham mbɑ mfə̀n yub kwʉ lɑ.
-Du bamiléké naquirent le bamiléké-bafoussam et le bamoun	Bɑ̂ Fə̂ʼsɑ̀b bô bɑ̂ Mum bə ɑ̂ bôm bɑ̀ Milɛkɛ
-Naissances multiples	Bwə̂ yɑmə
-Les jumeaux dans de nombreuses civilisations ont été considérés d'une manière particulière, comme aussi dans les mythes et religions	Nə bwə bɑ̀ ngə̀ʼdɑ ntʉ̂m tsə̀môʼ làʼ bə ɑ̂ nù ndʉ̀ njàŋ i lɛ̀lə, mbɑ̂ ntʉ̂m bɑ cɔ̀ lɑ
-Selon Confucius, la nature humaine est originairement bonne	Konfekshiu mbə màd bə̀nntʉ̀n bə̂ mbə toʼtə mbwɔ̂
-L'homme, dès sa naissance, est constitué dans la droiture	Bò bə̂ mbwə mɛ̀nntʉ̀n ɑ̂ bô màd nə tsinə
-En France, on impose que, en fin de cursus, les enfants aient acquis un ensemble de compétences définies par décret	Jû bɑ̂ Flansi bò nkə ndʉ̂ mbə o miàgtə̌ ŋwàʼnì ɑ̂ ngə̀laŋ zə̀ mɛn zitə cu tsə ncʉ̀ʼ ngɔ̌ cwɛ̌d laʼtə lɑ.
-Les fruits tropicaux nécessitent également un environnement humide	Mbɑ̀ bɑ̀ ntɑm tʉ ntʉ̂m dʉ̀ʼ nyàm kə̂ʼ bə ta nə̀shù lɑ bə̂ nkɔ̂ ntsə̂ yɑmə
-Le mariage polygame peut lier un homme avec plusieurs femmes : c'est la polygynie	Nə̀ na bə̂nnzwi yamə bə ɑ ju bo bə̂ nstiâŋ *...
-Pour Rousseau, l'homme naît bon, la société le pervertit	Ghosɔ mbə bo bə̂ mbə bwə mɛn a ghʉ̂ màd mə̀bwɔ ndâʼndʉ̂ njʉ nkə ngʉ̂ a bâtə̀ màd
-Le principe fondamental de toute morale, sur lequel j'ai raisonné dans tous mes écrits et que j'ai développé dans ce dernier avec toute la clarté dont j'étais capable, est que l'homme est un être naturellement bon, aimant la justice et l'ordre ; qu'il n'y a point de perversité originelle dans le cœur humain, et que les premiers mouvements de la nature sont toujours droits	Ju a bə ncaʼtə màd mə̀bwɔ tsə mə loʼ nkɑ nkwatə mbɛ̀n nkitə nkə ngʉ̂ mbə̌ a tsin mbɛ̀n ndɑn nɑ mbə mɛ̀nntʉ̀n ghʉ̂ màd mə̀bwɔ ɑ̂ fə nsi, a bə̂ nkɔ̂ mbə̌ cu tsə bo tsin nɑ ; Ntʉ̂ mɛ̀nntʉ̀n kə̂ʼ ghʉ̌ màd kə̀bwɔ ngə̀laŋbo bwə i lɑ, bɑ̀ nkûzìn *nature bə ɑ̂ ndâŋndaŋ
-J'ai fait voir que l'unique passion qui naisse avec l'homme, savoir l'amour de soi, est une passion indifférente en elle-même au bien et au mal ; qu'elle ne devient bonne ou mauvaise que par accident, et selon les circonstances dans lesquelles elle se développe	Mə ghʉ̌ bo lɛ̂n mbə ju zə̀ mɛ̀n nkɔ̂ ndù bò bwə i bô yi lɑ bə ɑ̂ nə̀ kɔ̀ zə̂ tu wud, a kə̂ʼ ghʉ̀ tsə̂ sɑ̂m ju nə̀ ghʉ̌ bô nù mə̀bwɔ kə nù kəbwɔ lô ; a bə̂ mbə kàŋ zi ju wa ɑ̂ ndʉ̀ bò kə̂ʼ kàʼ mbɛ̀n ngʉ̂ dʉ̂ʼ zə̀ a kûʼ bwə lɑ.
-La moitié des forêts de la planète a été détruite au cours du xxe siècle	Nkàm ncʉ̂ʼ nə̀tɛ̂d bɑhɑ njôn fɛ̀n nâʼ bi ntʉm *siècle mbàdtə̀ ncòbbɑhɑ ŋambɑhɑ
-C'est l'un des cadres établissant les structures familiales d'une société	A bə njwimtə ne tomtə bɑ̀ tǔnndɑ ntʉ̂m laʼ
-L'homme n'est pas un être simple ; il est composé de deux substances	Nǔ mɛ̀nntʉ̀n kə̂ bə ɑ̂ ju ndʉ a fʉàgə ; à bə ɑ̂ mbùmtə̀ cu bɑhɑ
-Voilà le second état	Shʉ̂ môʼ màd nə̀ bə lɑ
-La denture définitive, constituée de quarante-deux dents, est en place vers 6 mois	Nsɔ nkə̀ nkûʼ ncu i ɑ̂ ncòbbɑhɑ ŋâmkuɑ̀ ngə̀laŋ a ghʉ̂ ŋwʉ ntog lɑ
Je suis	Mə bə
Je suis ce que je suis	Mə̀ bə ɑ̂ mɛ̀n mə̀ bə̂ lɑ 
C'est ici ?	A bə ɑ̂ nzə̌nî ki ?
Je te veux	Mə kɔ̀ o
Quoi encore ?	À mbɛ̂n mbə ɑ̂ kə ?
Ne me suis pas !	Kɑ̂ bìd ɑm !
Je ne les suis pas	Mə̀ kəʼ cwɛ̂d mbîd yubə
Je ne suis pas	Mə̀ kəʼ cwɛ̂d mbidə
Elle va bien	A bə nə̀ta lɑ
Je le suis !	A bə̂ ɑ̂ mə̀
Grand comment ?	A sag ɑ̂ njôŋ ndʉ̂ngə ?
Ça va bien ?	Cɔ̌ fi ki ?
Je veux ce que tu veux	Mə̀ kɔ ɑ̂ ju zə̀ ò kɔ̂ lɑ
Encore toi ?	Bə̂ wu ki ?
Tout va bien	njôn cu fa bə mə̀bwɔ lɑ
Everything is fine	njôŋ bə̀nntʉ̀n fɑ bə nə̀ta lɑ
Tout va bien .
Tout va bien ?
Are you all right?
Aucun problème !	Ncà kə saʼ
No problem at all!	Ncà kə̂ʼ bə tsə
C'est trop !	A cʉɑ̀tə̌
Ça suffit ?	A kùʼu
C'est beaucoup !	A yɑm
Je le veux	Me kɔ̀ yennɑ 
C'est bien !	A bɔ̌
Par ici !	Tôg zənnî
Il n'est plus ce qu'il était	A kə̂ʼ mbɛ̀n mbə ɑ̂ mbɑ̀ à naʼ mbə lɑ
He is not what he used to be.
Par là !	Tôg zənnɑ
Je ne veux plus	mə̀ kə̂ʼ mbɛ̀n nkɔ̂
Ce n'est pas à moi	A kə̂ʼ be ɑ̂ yɑm/yɑ̀m/sɑm
Fais quelque chose !	Ghʉ̌ ju
Allons déjeuner !	Bàg nɛ̂n kəb ntsiʼ
Tout va bien avec lui	Sə̂ cɔ̂ fi
Je veux être vous	Mə kɔ̂ nə̀ bə mbɑ̂ wə̀ lɑ 
C'est comme ça	A bə ɑ̂ mbɑ̀ à bə̂ lɑ
Ce n'est pas nous	À kə̂ʼ bə ɑ̂ bag
C'est déjà bien	A yɑ̂ bwɔ̌
Je veux le faire pour vous	Mə kɔ̂ nə̀ ghʉ̀ i wə̀
Qui va là ?	Â we lɑ̂ ?
C'est tout ?	A kùʼ ki ?
C'est tout ?	Â njoŋ i fa ki ?
Je veux le faire	Me kɔ̂ ne ghʉ̂
Je veux tout	Mə̀ kɔ ɑ̂ fa
C'est juste !	A tsin
Il a à faire	A ghʉ̂ fàʼ nə̀ fàʼa
Je veux beaucoup plus	Mə mbɛ̀n kɔ̂ mɑ̂yɑmə
Je veux faire ça	Mə kɔ̂ nə̀ ghʉ̀ yənnî
Quelle belle nuit !	Tswəʼ li bwɔ̌ bə̂ !
Ce qui est fait est fait	Ju a tôg lɑ yɑ̂ togə 
Il a bien fait	A fâʼ mə̀bwɔ
Fais comme chez toi	Ghʉ̂ mbɑ̂ ndɑ̂ u lɑ
Ça fait du bien	ɔ nə̀ bə mə̀bwɔ 
C'est tout bon	A bwɔ̀ fa
Elle n'a rien dit	A kə̂ʼ cob ju
Ça te va bien	A bod u mə̀bwɔ
C'est quoi ?	A bə ɑ̂ kə
Ce n'est pas que ça	A kə̂ʼ bə ɑ̂ ndǎʼ yi
Ça va aller	Fɛ̂n ntʉ
Que faire ?	Â nə̀ ghʉ̀ ɑ̂ ndʉ̂gə
Que faire ?	Bə̀ ghʉ̀ ɑ̂ kə
Ce n'est pas bien du tout	À kə̂ʼ bwɔ̀ mbɑ̀ mə ju i
Pas du tout	Nga mbɑ̀ ndâʼ nə̀ toʼtə
Je ne peux plus faire ça	Mə̀ kə̂ʼ mbɛ̀n nkɔ̂ nə ghʉ̂
Je n'ai jamais dit ça !	Mə̀ kə̂ʼ tǒʼ cob ndʉlɑlɑ
Qui a fait ça ?	Â wə à ghʉ̂ yennî ɑ̀ ?
Ça a l'air vraiment bien	A futə jû mə̀bwɔ
Je veux le faire bien	Mə kɔ̌ nə̀ ghʉ i mə̀bwɔ
Va voir qui c'est	Nɛ̀n lɔtə̀ mɛ̀n à bə̂ yi lɑ 
Qui l'a fait ?	A wə zə̀ à ghʉ ɑ ?
Elle parle beaucoup	A bə̂ ncobtə yɑmə
Elle parle beaucoup	A ndʉ̂ à cobtə̀
Et toi ?	Wʉ̀ ɔ ?
C'est bien fait	A bə mə̀bwɔ
Je veux être ici avec vous	Mə kɔ̂ nə tswə zənnî bô bin
Je veux être là avec vous	Mə kɔ̂ nə tswə zənnɑ bô bin
Je ne pense pas à vous	Mə kəʼ cwɛ̂d nkwâtə nǔ nûm bin
Je le lui ai fait faire	Mə̀ kə̀ʼ ghʉ̂ jû yi
Elle m'a tout dit	A cob njôŋ cu fɑ mə̀
C'est ce que je veux	a ju zə̀ mə̀ kɔ̂ lɑ
Tout va bien pour moi	Njôŋ cu fa fi nùm yɑ̂m bàg
Très bien !	A bwɔ̌ nə̀shù
C'est pour ton bien	Â nǔm yù bìn
Ce n'est pas trop	À kə̂ʼ càtə̀
Il va bien	A bə nə̀ta lɑ
C'est quoi, ça ?	Â kə li ɑ̂ ?
Il n'est plus ici	A kə̂ʼ mbɛ̀n mbə ɑ̂ nzə̌nnî
Elle le lui a fait faire	A ghʉ̀ a ghʉ
Il est toujours avec moi	A nkə bə ɑ̂ bə bô mə̀
Je dois vraiment y aller	A bwɔ̌ mbə̌ mə̀ nɛnə
Je n'ai plus besoin d'être ici	Yɑ̂m bǐn nə̀ bə nzə̌nnî kə̂ʼ mbɛ̀n mbə tsə
Je ne peux plus le faire	Mə̀ kə̂ʼ mbɛ̀n nkɔ̂ nə̀ ghʉ̌
Elle n'a rien fait	À kə̂ʼ ghʉ̌ sɑ̂mju
C'est ce que je suis	A bə ɑ̂ ju mə̀ bə̂ yi lɑ
Je l'ai fait pour lui	Mə̀ ghʉ̂ ɑ̂ nǔm tu i
Vous y êtes !	Bîn lɑ dʉ̀ʼ sə
Je n'ai jamais été aussi bien	Mə̀ kə̂ʼ tǒʼ bə nə̀ta ndʉ
Il a besoin de vous.
Il en a besoin.
Tu as tout	Njòŋ i fa bə̂ wʉ̀ lɑ
Personne n'y vit	Sɑ̂m mɛ̀n kə̂ʼ bə tswə̂ bwə
Rien n'est jamais bien	sɑ̂mju kə̂ʼ bə bwɔ̀ tsə
Nous y sommes	Bǎg kǔm dʉ̀ʼ sə 
C'est très bien	A bwɔ̌ nə̀shù
Il est ici pour moi	A sə̂ʼ nzə̌nî ɑ̂ nùm ɑm
Je ne peux pas le faire	Mə̀ kə̂ʼ kùʼnǐ nə̀ ghʉ̌
Je vais bien, et toi ?	Cɔ̌ fi, yû bag ɔ
Je ne peux pas	Mə̀ kə̂ʼ kùʼnì
Ça a l'air bien	A futə jû ntʉ̀n
C'est tout à fait ça	Â kwàʼ yi lɑ
Elle est tout pour lui	A bə̂ ɑ̂ zə̀ njǒŋ cu fa
Je dois y aller	A bwɔ̌ mə nɛnə
Il y a beaucoup à faire	Fǎʼ yɑm tu ɑ̀m
Je l'ai fait pour vous	Mə̀ ghʉ ɑ̂ nǔm zîn tu
C'est elle qui me l'a dit	A bə ɑ̂ yi mbɛ̂n ncob mə̀
C'est bien pour toi	A bwɔ̌ nùm o
Je te dois beaucoup	Yû ndòn bə tu ɑ̂ yɑm nɑ
Elle lui dit quelque chose	A cwɛ̂d ncob ɑ̂ jû yi
Ça me va	A kǔʼ nùm ɑm
Je veux le faire pour toi	Mə kɔ̌ nə ghʉ̌ nǔm yù tû wʉd
Il m'a tout dit	A cob njǒŋ cu fâ mə̀
J'ai presque fini	A tʉʼ ɑ̂ mə ju î mə̀ miɑ̂gtə
Je pense que ça va bien	Mə kwàtə̀ mbə a fi tsə
Je peux le faire	Mə kùʼ nǐ nə̀ ghʉ̌
Tout était très bon	Njǒŋ cu fa lò mbɔ̂
Il y en a trop	A yɑm nə̀shù
Je pense beaucoup à lui	Mə̀ bə̂ njɑ̂ kwàtə̌ nǔ nùm yɑmə
Je ne l'ai pas fait	A kə̂ʼ bə ɑ̂ mə̌ mbɛ̂n ngʉ̂
C'est bien ça que je veux	A bə ɑ̂ kwàʼ yi lɑ mə̀ kɔ̂ lɑ
J'ai vu quelque chose	Mə yən tàʼ ju
Il parle vraiment bien	A bə̂ cobtə tsə kwàʼ mə̀bwɔ
Elle n'a rien vu	A kə̂ʼ yən sɑ̂mju
Je pense qu'il faut y aller	Mə kwàtə̀ mbə ngalaŋ nə̀ nɛ̌n kùʼu
J'ai vu cela	Mə yən yənnɑ
Ça ne peut pas être fait	Bə̂ bò kə̀ ghʉ̀
Je ne le pense vraiment pas	Mə̀ kə̂ʼ kwàtə̀ mbɑ̀
Je lui ai tout dit	Mə soŋ î njǒn cu fa
Il n'est pas là	À kə̂ʼ bə nsi
Assez, j'ai dit	Mə̀ bə a kùʼu
Je sais ce qu'il a fait	Mə lɛ̌n ju a ghʉ̂ lɑ
Tu as l'air très bien	O bwɔ̀ ncâtə
Si tu veux	A bə zə̀ o kɔ̂ lɑ
C'est ton livre	A bə ɑ̂ yù buʼkì
Ce n'est pas ici	A kə̂ʼ bə ɑ̂ zə̂nnî
Tu ne peux pas faire ça	O kə̂ʼ kùʼnǐ nə ghʉ̌
Ça a l'air vraiment bon	A futə ju bə a bwɔ̂ lɑ
Je vais bien	Mə bə nə̀ta lɑ
Je suis avec toi	Mə̀ bə ɑ̂ bô wʉ̀
C'est pour moi	Â yɑm/yɑ̀m/sɑm
Nous sommes ici	Bag lî nzə̌nnî
Je peux aller avec lui ?	Mə kùʼnǐ nə̀ nɛ̀n bô yi ki ?
Depuis quand ?	Fʉ shùgə ?
Tu peux le faire	Bə̂ o ghʉ̂
Tout le monde va bien	Njǒn bɛ̂n nə̀ta lɑ
Je veux être ici avec toi	Mə kɔ̌ nə̀ bə nzə̌nnî bô wʉ̀
Je pense que ça va	Mə kwàtə̀ mbə̀ a kùʼu
Il te faut le faire	A bwɔ̀ mbə̌ ò ghû
Tu dois y aller	A bwɔ̌ ò nɛnə
Tu dois y aller	A bwɔ̀ mbə̌ ò nɛnə
C'est votre livre	À bə ɑ̂ yù buʼŋwàʼnì
Je ne lui parle plus	Mə̀ kə̂ʼ bə cob nù yi
Il a l'air très bien	Bə̂ a bə ɑ̂ mbɔ̀ mɛ̀n
Ça y est !	Mə̀ kə̂ cob ki !
Elle veut y aller	A kɔ̌ nə̀ nɛ̀nə
Tu peux y aller	O kùʼnǐ nə̀ nɛ̀nə
Tu peux y aller	Bə̂ o nɛn
Vous avez tout	Bin ghʉ̌ njǒŋ cu fa
Pour moi il n'est rien	Mə̀ kə̂ʼ bə lòʼ i nkwâ jû yi
Ça n'a pas l'air bon	A bə ɑ̂ mbɑ̂ a kə̂ʼ bwɔ̀ lɑ
Elle me l'a dit	A cob nǔm nùm bwə mə̀
Ça va pas le faire	A kə kùʼu
Et vous ?	Wʉ ɔ ?
Sur quoi ?	Nǔm kə ?
Tout juste !	Â kwàʼ yi lɑ
Il me faut le faire	A bwɔ̀ mbə̌ mə̀ ghʉ̂
C'est tout ce qu'il a dit	A cob ɑ̂ ndǎʼ yi
Je ne suis pas comme ça	A kə̂ʼ bə ɑ̂ mbɑ̀ mə̀ bə̂ lɑ
Mon père va bien	Tɑ ɑm bə nə̀ta lɑ
Nous avons beaucoup à faire	Bag ghʉ̌ fǎʼ yɑmə
C'est assez grand	A ghuʼ ɑ̂ mbɑ̀ a bɛdtə lɑ
Je ne parle pas de moi	Mə̀ kəʼ cwɛ̌d ncob ɑ̂ num yɑ̂m tu wʉd
Cela me va bien	A kǔʼ nùm ɑm
Elle fait ça tout le temps	A bə ɑ̂ mbɑ̀ a bə̂ njog ghʉ̀ lɑ
Il ne m'a pas tout dit	A kə̂ʼ cob njǒŋ cu fâ mə̀
C'est un fait	Â ju a tôg lɑ
Elle a l'air très bien	A bə ɑ̂ mbɑ̂ a bə nəta lɑ
Je parle avec qui ?	Mə nkə cobtə ɑ̂ bô wʉ ?
Je ne peux rien y faire	Bə̂ mə̀ kə̀ ghʉ̀ cɑ̂m ju bwə
Je sais ça	Mə̀ lɛ̀n yənnɑ
Je vais y aller avec toi	Mə̀ àʼ nɛ̀n bô wʉ̀
C'est bon et c'est petit	A bwɔ̌ nə̀shù mbɛ̀n nkagə
Elle veut vraiment y aller	A kɔ̀ tsə kwàʼ nə̀ nɛ̀nə
Je sais qui vous êtes	Mə lɛ̂n mɛ̀n o bə̂ yi lɑ
Tout le monde fait ça	Njôn bə̀nntʉ̀n fa bə̂ ngʉ̂
Je ne veux pas te voir	Mə kə̂ʼ kɔ̌ nə yən o
Je veux être chez moi	Mə kɔ̌ nə̀ bə ndɑ ɑ̀m
Je l'ai fait pour elle	Mə̀ ghʉ ɑ̂ nùm zə̂ tu wʉd
Je veux toujours y aller	Mə̀ kɔ̂ nə̀ nɛ̀n ɑ̂ bə̂ nə nɛ̀nə
Je vais y aller	Mə àʼ nɛ̀n
Il faut le faire	A bwɔ̌ nə̀ ghʉ̌
Je sais qu'il l'a fait	Mə̀ lɛ̀n mbə a mbɛ̂n ghʉ̂
C'est ta maison	Â yù bàʼ lî
Je pense beaucoup à elle	Mə̀ bə̂ nkwâtə nǔ nùm i yɑmə
Ne fais plus jamais ça!	Kĥ mbɛ̀n zi ghʉ̂ ndʉlɑlɑ
Je vais le faire	Mə̀ àʼ ghʉ̀
Il me faut ça	A bwɔ̌ mə̀ ghʉ̂ yənnɑ
Il n'est pas chez lui	A kə̌ʼ bə ndɑ i
Il nous faut y aller	A bwɔ̀ mbə̌ bàg nɛnə
Ce n'est pas votre monde	À kə̂ʼ bə ɑ̂ zîn ngɔ̌ lî
Elle ne m'a pas tout dit	À kə̂ʼ cob njǒŋ cu fɑ̂ mə̀
C'est à moi	À bə ɑ̂ yɑm
Je sais tout	Mə lɛ̂n njǒŋ cu fa
Je l'ai fait	Mə mbɛ̂n ghʉ̂
C'est si grand !	A zi
Elle parle trop fort	A bə̂ ncobtə nəta yɑmə
Elle ne l'a jamais vu	A kə̂ʼ tǒʼ yən i
Je ne sais que faire	Mə̀ kə̂ʼ lɛ̂n ju zə̀ mə ghʉ̀ lɑ
Je n'ai rien à faire	Mə̀ kə̂ʼ ghʉ̀ cɑ̂m sɑ̂mju nə̀ fàʼa
Je le pense	Mə kwàtə̌
Il vous faut le faire	A bwɔ̀ mbə̂ bìn ghʉ̂
Qui parle ?	Â wʉ zə̀ cob ɑ ?
Il n'a rien dit	A kə̂ʼ cob ju
Je ne veux pas vous voir	Mə kə̂ʼ kɔ̌ nə̀ yən zinə 
Je sais ce qu'il pense	Mə lɛ̂n ju a cwɛ̂d nkwâtə lɑ
Je veux y aller avec toi	Mə̀ kɔ̌ nə̀ nɛ̀n bô wʉ̀
Il ne me dit pas tout	A kə̂ʼ bə côb njǒŋ cu fa mə̀
Il fait ça tout le temps	A bə ɑ̂ mbɑ̀ a bə̂ njog ghʉ̀ lɑ
Je ne le sais pas	Mə̀ kə̂ʼ lɛ̀n
Je n'ai jamais dit cela	Mə̀ kə̂ʼ tǒʼ cob ndʉlɑlɑ
Il parle beaucoup	À bə̂ ncobtə nə̀shù
Elle m'a dit où aller	A cob dʉ̀ʼ mə nɛ̀n nɑ 
Ça ne va pas !	Cɔ̀ kə̂ʼ fi
Je sais qui il est	Mə lɛ̂n mɛ̀n à bə̂ yi lɑ
Il n'a rien pour lui	A kə̂ʼ ghʉ̀ tsə̂ sɑ̂mju nûm zə̂ tû wud
Il parle bien	À bə̂ ncobtə mə̀bwɔ
C'est pour toi	À bə ɑ̂ yu
Tout le monde va être là	Njǒŋ bə̀nntʉ̀n fa àʼ bə nsi
Tu sais qui je suis ?	O lɛ̂n mɛ̀n mə bə̂ yi lɑ̂ ki
Elle ne me l'a jamais dit	À kə̂ʼ tǒʼ cob mə̀
Jamais elle ne me l'a dit	À kə̂ʼ tǒʼ cob
Je n'ai rien fait	Mə̀ kə̂ʼ ghʉ̌ sɑ̌mju
Je vais être ici	Mə̀ àʼ bə ɑ̂ nzə̌nnî
Je veux vraiment te voir	Mə kɔ̂ kwàʼ nə yən o
Ce n'est vraiment pas juste	À kə̂ʼ bə mə̀bwɔ mbɑ̀ mə ju i
Elle n'est plus ce qu'elle était	À kə̂ʼ mbɛ̀n mbə ɑ̂ mbɑ̀ à naʼ bə lɑ
C'est grand comment ?	A ghuʼ ɑ̂ ndʉ̂gə ?
J'ai tout essayé	Mə zwiʼtə njǒŋ cu fa
Vous êtes allé trop loin	Bin nɛ̌n tɑ ngʉa nəsɑ̀m
 Elle parle l'anglais très bien	A bə̂ ncob nglisi mə̀bwɔ
 Il n'a pas d'argent	A kə̂ʼ ghʉ̌ nkɑb
 J'ai eu un bon professeur	Mə ghʉ̌ tàʼ mbɔ̀ ngàtswìtə̀
 Il est bon en anglais	A lɛ̌n nglisi mə̀bwɔ
 Ce n'était pas si difficile	A kə̂ʼ tà tsə
 Je veux simplement regarder ça	Mə̀ kɔ cɑm ɑ̂ ndǎʼ nə lɔtə 
 Il a beaucoup d'argent	A ghʉ̌ bwǒŋ nkɑb
 Je connais des gens	Mə lɛ̌n bə̀nntʉ̀n
 Regarde où tu vas !	Lɔtə dʉ̀ʼ zə̀ o cwɛ̌d nɛ̂n nɑ
 Il a lu ce livre hier	A siaŋ buʼ ŋwàʼnî li nkòg
 Je l'ai fait à sa demande	Mə̀ ghʉ ɑ̂ mbɑ̀ à bɛdtə lɑ
 Ce n'est pas si mauvais	A kə̂ʼ bag tsə tɑ
 Je déteste vous voir ainsi	Mə̀ kə̂ʼ bə kɔ̀ cɑm nə yən zin ndʉlɑlɑ
 Il semble plus occupé que jamais	Fǎʼ mbɛ̀n mbə̂ yi nshʉɑ̂ njǒŋ ngə̀laŋ fa
 J'ai peur d'y aller	Mə cwɛ̌d mbwog cɑm nə̀ nɛ̀n bwə
 Je ne comprends pas non plus.Mbɑ̀ mə̀ kə̂ʼ mbɛ̀n nə juʼu
 Nous n'avons pas le temps	Bàg kə̂ʼ ghʉ̌ ngə̀laŋ
 Je n'aime pas cette phrase	Mə̀ kə̂ʼ kɔ̌ kǔnjob lî
 Regarde ce beau garçon	Lɔtə mbɑ̀ mɛ̂n nshum nɑ bwɔ̂ lɑ
 Je suis contre	Mə kə̂ʼ bam cɑm
 Ce sont des livres très vieux	Bɑ̀ mbuʼ ŋwàʼni lî ywɛ̀nə
 La mauvaise personne, c'est moi	Mɛ̀n kə̀bwɔ̀ bə ɑ̂ mə̀
 Je n'ai rien dans mon sac	Mə̀ kə̂ʼ ghʉ̌ ju ntʉ̂m bɑ̀m ɑm
 Je m'en suis occupé pour toi	Mə fǎʼ nùm yû tu
 Quelle jolie petite fille !	Mɛ̂n ngòn nə̀ bwɔ̌ mbɛ !
 Je n'ai rien mangé depuis hier	Mə̀ kə̂ʼ jʉ ju fə nkòg
 Je voudrais sortir avec elle	Mə cwɛ̌d nkɔ̂ nə̀ tum bô yi
 Elle parle vite	A cwɛ̌d ncobtə ndə̂ndə
 Le chien est à la mort	Ndàʼndǎʼ zə̌nnɑ mbʉ lɑ kwʉ
 Ils ont deux filles	Bo ghʉ̌ bon ngòn bɑhɑ
 Je sais parler anglais	Mə lɛ̂n nə cob nglisi
 C'est une mauvaise personne	A bə ɑ̂ mɛ̀n kə̀bwɔ̀
 C'est trop loin	Dʉ̀ʼ sə sag tàʼ
 Votre père semble très gentil	Tɑ̂ zǐn futə mɛ̀n a kə̂ʼ bə shʉâg lɑ
 Ils le font comme il faut	Bò nkə ngʉ ɑ̂ mbɑ̀ a bɛ̂dtə lɑ
 Moi aussi je prends ce train	Mbɑ̀ mə̀ àʼ lǒʼ lǒŋtùbtǔb lɑ
 Il m'a demandé mon nom	A bɛdtə ɑ̂m lɛ̌n sɑm
 Elle l'a appelé	A tsiaŋ i
 Je comprends votre langue	Mə cwɛ̌d ju ncôb minə
 Nous avons tout essayé	Bag zwiʼtə njǒŋ cu fa
 Il a lu le livre hier	A siaŋ buʼ ŋwàʼni lɑ nkòg
 Elle n'est pas mauvaise	A kə̂ʼ bag tsə
 Vous n'êtes pas encore mort	Bìn kə̂ʼ yǒg nkwʉ
 Je ne parle pas anglais	Mə̀ kə̂ʼ bə cob cɑ̂m nglisi
 Ton fils est un homme maintenant	Nshùm ò bə ɑ̂ mɛn mɛn mɑndûm ndɔ̌nnî
 On dit qu'il déteste étudier	Bo bə̂ ncob mbə à kə̂ʼ bə kɔ̌ nə̀ ziʼ ju
 C'est une assez bonne idée	A bə ɑ̂ mbɔ̀ nkwàtə̀
 Il m'a écrit hier	A kì mə̌ nkòg
 Vous ne pouvez pas venir demain	Bə̂ bìn kə̀ sə̌ʼ ndâmnjʉ
 Tout le monde aime la musique	Njǒŋ bə̀nntʉ̀n fa bə̂ nkɔ̂ kwì
 Elle parle bien anglais	A bə̂ ncob nglisi məbwɔ
 Je me demande de qui c'est	Mə nkə mbɛdtə mbə̀ a bə ɑ̂ wʉ
 Il est allé trop loin	A nɛ̌n ta ngʉa nəsɑ̀m
 Ils ont déjà terminé le travail	Bo yɑ̂ miàgtə̌ fàʼ
 Je veux acheter une nouvelle voiture	Mə kɔ̌ nə jun yaŋbàʼ nswə
 Elles sont juste derrière vous	Bò bə ɑ̂ kwǎʼ njàm o
 Je l'ai vue avec vous	Mə yən i bô wʉ 
 J'ai une question	Mə ghʉ̌ tàʼ mbɛdtə̀
 J'ai trop de choses à faire	Mə ghʉ̂ fǎʼ yɑmə
 T'en fais pas, on va bien	Kɑ̂ lɑ̂b wʉd ò
 Je me demande qui elle est	Mə̀ kə̂ʼ lɛ̌n mɛ̀n à bə̂ yi lɑ
 Je n'ai pas d'argent	Mə̀ kə̂ʼ ghʉ̌ nkɑb
 Il est derrière moi	À bə ɑ̂ nyàm ɑm
 J'ai beaucoup de choses à faire	Mə ghʉ̌ bwǒŋ fàʼ nə̀ fàʼa
 Ce que tu dis est vrai	Ju o cwɛ̂d ncob lɑ bə ɑ̂ nənənə 
 J'ai fini tôt tout mon travail	Mə miàgtə̌ sɑ̂m fàʼ ndə̂ndə
 Il fait beau	Njʉ bwɔ̌
 Il est venu !	A sə̀'ə
 Quel est ton nom ?	Lɛ̂n su bə ɑ̂ kə ?
 Tu as mangé quoi ?	Ò jʉ ɑ̂ kə ?
 Il n'a rien appris à l'école	Mə̀ kə̂ʼ zitə cɑ̂m ju ŋwàʼnì
 J'ai déjà fait la partie difficile	Mə̀ yɑ̂ ghʉ̌ bag i zə a tâ lɑ
 Je vous ai demandé de partir	Mə bɛdtə̀ mbə̌ bìn nɛnə
 Il a écrit à ses parents	A kǐ ŋwàʼnì bɑ̀ tɑ tsə
 Elles ont peur de la mort	Bo bwog vʉ
 Tout le monde est fatigué	Njǒŋ bə̀nntʉ̀n fa bod
 Tout le monde est tellement occupé	Njǒŋ bə̀nntʉ̀n fa cwɛ̌d mfaʼa
 Quelle est leur histoire ?	Sôb cɔ̀ bə ɑ̂ kə ?
 Quelqu'un a demandé après vous	Mɛ̀nntʉ̂n diàg o
 Elle n'en a jamais parlé	À kə̂ʼ tǒʼ cob nǔ nùm bwə
 Je ne fais que regarder	Mə̀ nkə ndɔtə cɑm ɑ̂ nə̀ lɔtə
 Je ne veux pas vivre	Mə kɔ̌ nə kwʉ
 En gros, c'est ça	Bə̂ bo dʉ̂ mbə a kùʼu
 J'ai toujours eu confiance en elle	Mə tôʼ sǒ njîm yi
 Je vous la passe	Mə̀ cag î wʉ̀
 Je lui ai demandé	Mə bɛdtə i
 Personne ne connaît son nom	Sɑ̂mmɛ̀n kə̂ʼ lɛ̌n lɛ̂n sə
 Je suis fatigué, c'est tout	Mə mbə mə bod ɛ
 Il est parti sans rien dire	A mə̀ nɛ̀n kə cob ju
 Je n'en peux plus de l'anglais	Nglisi yɑ̂ nkə mbag ɑm
 Tous sont heureux dans ma famille	Njǒŋ bə̀nntʉ̀n fa ntʉ̂m yɑ̀m tǔnndɑ bə̂ ncob nju'u
 Tout le monde est déjà parti	Njǒŋ bə̀nntʉ̀n fa yɑ̂ nɛ̀nə
 Mon fils sait lire l'heure	Nshùm ɑ̂m lə̂n nə siaŋ ngə̀laŋ
 Je l'ai fait tout seul	Mə̀ ghʉ ɑ̂ tʉ̀ʼ ɑ̀m
 Le compte n'y est pas	À kə̂ʼ kǔʼ njòŋ i
 Je voudrais aller nager	Mə cwɛ̌d nkɔ̂ nə̀ nɛ̌n lǎ ntsə
 Peu reste à dire	Bò kə̂ʼ mbɛ̀n ngʉ̂ yɑm nə̀ cobə
 Quel est votre nom ?	Lɛ̂n su bə ɑ̂ kə ?
 Je ne suis pas d'accord	Mə̀ kə̂ʼ bam cɑm yənɑ
 Vous ne voulez pas savoir	Bìn kə̂ʼ kɔ̌ nə̀ lɛ̀nə
 C'est beaucoup d'argent	A bə ɑ̂ mbwôŋ nkɑb
 Vous pouvez rester jusqu'à ce soir	Bə̂ o tswə tà nkûm mfədnjʉ
 Il l'a fait tout seul	A ghʉ ɑ̂ tʉ̀ʼ ì
 Je ne voulais pas savoir	Mə̀ lò kə̀ kɔ̌ nə̀ lɛ̀nə
 Je ne parle pas ainsi	Mə kə̂ʼ bə cob nù ndʉlɑlɑ
 Je suis encore très fatigué	Mə mbɛn mbolə
 Il a besoin d'être seul	A bwɔ̌ a bə tʉʼ i
 Il n'est pas jeune	A kə̂ʼ mbɛ̀n nkəʼ ɑ̂ mɛn
 N'en faites part à personne	Kɑ̂ cob mɛ̀nntʉ̀n
 Il aime lire des livres	A bə̂ nkɔ̂ nə siaŋ bɑ̀ mbuʼ ŋwàʼnì
 Je suppose que c'est bon	Mə kwàtə mbə a bwɔ̌
 Je ne savais simplement pas comment	Mə lò kəlɛn cɑm mbɑ̀ mə ghʉ̀ lɑ
 Il m'a écrit une lettre	A kǐ tàʼ ŋwàʼnì mə̀
 Parler français est difficile	Nə cob flisi kə̂ʼ fʉàg
 Je suis juste arrivé hier	Mə̀ kum ɑ̂ nkòg
 Cette robe te va bien	Nzwə li bod o
 Nous devons travailler plus vite	Bàg fâʼ fàʼ ndə
 Tout le monde devrait savoir ça	Mbɑ̂ njǒŋ bə̀nntʉ̀n fa lò ndɛnə
 Reste encore un peu	Naʼ mɛ̀n ghubtə kɑ nɛnə
 Personne ne te l'a demandé	Sɑ̂mmɛ̀n kə̂ʼ bɛdtə ô ju nùmbwə
 Je me demande ce qu'il fait	Mə cɑ̂m ju à ghʉ̀ lɑ
 Je les vois	Mə cwɛ̌d njən yubə
 Il ne fit pas de réponse	A nâʼ kə̀ *buntə
 Lire ta lettre m'a rendu heureux	Mə siaŋ yù ŋwàʼni a kâg bwɔ̀ ntʉ̂ mə̀
 Ne me parle pas ainsi !	Kɑ̂ cob nù mə̀ ndʉlɑlɑ
 Il est comme mort	À bə ɑ̂ mbɑ̂ a kwʉ lɑ
 Ils sont mes amis	Bò bə ɑ̂ bɑ̀ shun cɑm
 Il fait beau aujourd'hui	Njʉ̂ sɛ̂nnî bwɔ̌
 Quel est son nom ?	Lɛ̂n sə bə ɑ̂ kə ?
 Vous ne pouvez pas nager ici	Bìn kə̂ʼ kùʼnǐ nə̀ lǎ ntsə̌ dʉ̌ʼ lî
 Mais il y a un problème	ndǎʼndʉ̂ ncà bə lɑ
 Je viens de le trouver	Mə yǒg nə yən i
 Vous êtes un être mauvais	Ò bə ɑ̂ mɛ̀n kə̀bwɔ̀
 Je n'en dispose pas encore	Mə̀ kə̂ʼ yǒg ngʉ̂
 Tourne toi	Kǎŋ wʉd ò
 Regarde derrière toi !	Lɔtə njàm ò
 Votre chien est très gros	Mbʉ ô ghuʼ nə̀shù
 J'ai deux livres en anglais	Mə ghʉ̂ mbuʼ ŋwàʼni mbɑhɑ nǔm glisi
 Je ne l'ai pas vue	Mə kə̂ʼ yən i
 Le chat est vieux	Bùsi lɑ ywɛ̀nə
 Prends quelque chose à manger	Lǒʼ ju njʉ
 Je suis un être mauvais	Mə̀ bə ɑ̂ mɛ̀n kə̀bwɔ̀
 Tu étais chez toi hier ?	O lò mbə ndɑ ɔ̂ nkòg
 Elle est un très bon professeur	A bə ɑ̂ tàʼ mbwɔ̀ ngàtswìtə̀
 Le temps a passé très vite	Ngəlaŋ tôg ndə̂ndə
 Il fit ce qu'on lui dit	A ghʉ̂ ju bo côb yi lɑ
 Ma tête me fait vraiment mal	Tu ɑ̂m cwɛ̌d nja kwàʼ ne ya
 J'ai trouvé mes chaussures	Mə yən nketôʼ mɑm 
 J'ai trouvé mes chaussures	Mə yən mɑ̂m nketoʼo
 Mon père n'aime pas la musique	Tɑ ɑm kə̂g bə kɔ̀ kwì
 Je ne serai jamais ton ami	Bag wʉ̀ kə zi mbə shunə
 Je me demande si c'est mal	Còʼ a bə kə̀bwo kɑ ?
 Il a écrit deux livres	A kǐ mboʼ ŋwàʼnì mbɑhɑ
 J'ai parlé musique	Mə cob nû nǔm kwì
 Tu as déjà mangé	A yɑ̂ jʉ caŋ
 Ça ne me regarde pas	A kəæ cwɛ̌d ndɔtə ɑ̂m ju
 Je serai occupé demain	Mə̀ àʼ ghʉ̌ bwǒŋ fàʼ ndǎmnjʉ
 Je te laisse partir.Bə̂ o nɛn
 Je commence demain	À toʼtə ɑ̂ ndǎmnjʉ
 Je viens de voir les nouvelles	Mə yǒg nə juʼ nkʉ̀n
 Je rêve assez souvent de vous	Mə bə̂ njɑ̂ zi njə̂m nùm o
 Je me souviens avoir dit ça	Mə cwɛ̌d nkwimtə mbə mə cob ndʉlɑlɑ
 Je suis un peu fatigué	Mə naʼ mbolə
 Il nous connaît très bien.A lɛ̀n yag mə̀bwɔ
 Qui a écrit une lettre ?	A wʉ zə̀ a kî tàʼ ŋwàʼnì ɑ̀
 C'est toi qui l'as fait !	A bə ɑ̂ wʉ̌ mbɛ̂n ngʉ̂
 Cela ne vous regarde pas	Nǔ lî kə̂ʼ lɔtə yîn ju
 Hier n'était juste pas mon jour	Nkǒg lî lò kə̀ bə tsə ɑ̂ yɑ̀m liʼ njʉ
 C'était juste une question de temps.A lò mbə ɑ̂ ndǎʼ nǔ ngə̀laŋ
 C'est la porte de devant	A bə ɑ̂ yə̂n nzə̀ndɑ lɑ mbwə̀
 Cela sera plutôt difficile pour lui	À àʼ tà yi nə̀ ghʉ̌
 On le connaît tous bien	Bag lɛ̀n i mə̀bwɔ
 Mon frère parle très vite	Mfɛd ɑ̂m zə̀ mɑndùm bə̂ ncob nù ndə taʼ
 Cette robe vous va bien	Kɑ̀bɑ lɑ bod o
 Je peux seulement parler pour moi	Mə lɛ̂n nə̀ cob ju ɑ̂ yɑ̂m tû wʉd 
 Il me l'a demandé	A bɛdtə ɑ̂m yi
 Je n'arrive plus à manger	Mə kə̂ʼ mbɛ̀n nkɔ̂ nə̀ jʉ ju
 Allons dîner !	Bàg jʉ caŋ
 Je comprends le problème	Mə cwɛ̌d njuʼ ngʉ̀dnì
 J'ai acheté une vieille voiture	Mə jun tàʼ njwɛ̀n yaŋbàʼ
 Faites bon voyage !	Zǐn mə̀bwɔ
 C'est ici que je suis né	Bò bwə ɑm ɑ̂ nzə̌nnî
 Le chien était mort.Mbʉ lɑ llò nkwʉ
 Il fit beaucoup d'argent	À nâʼ fǎʼ nkɑb yɑmə
 Vous n'êtes pas allé très loin	Bìn kə̂ʼ nɛ̌n ngʉɑ nəsɑ̀m
 Je veux te parler seule	Mə kɔ̂ nə̀ cob jû wʉ̌ tʉ̀ʼ ò
 Je me rappelle avoir dit ça	Mə cwɛ̂d nkwintə mbə̀ mə̀ nâʼ cob yi lɑ
 Il est professeur et moi aussi	Bǎg yi bə ɑ̂ bɑ̀ ghǎtswitè
 Elle ne sait pas nager	À kə̂ʼ lɛ̌n nə̀ lǎ ntsə
 Elle mange, mais très peu	A nkə njʉ càŋ ɑ̂ mə ju i
 J'étais à la maison	Mə lò mbə ɑ̂ nda
 J'ai essayé de te le dire	Mə * nə̀ siaŋ ŋwàʼnǐ lɑ wʉ̀
 Il a perdu sa nouvelle voiture	A ghuaʼ zə̀ yaŋbàʼ nswə
 Je veux vous voir en premier	Mə kɔ̂ nə bwǒg mbə̀ njən o
 Mon père est très fatigué	Tɑ ɑm bod taʼ
 J'ai un reçu	Mə ghʉ̌ tàʼ mfə̌jun
 Nous ne pouvons pas le faire	Bàg kə̂ʼ kùʼnǐ nə̀ ghʉ̌
 Vous avez la mauvaise personne	A kə̂ʼ bə ɑ̂ mɛ̀n bin cwɛ̌d ndiâg lî
 Il vit ici tout seul	 À nkə ntswə nzə̌nnî ɑ̂ tʉ̀ʼ i
 Je veux faire ça seul	Mə̀ kɔ̂ nə̀ ghʉ̀ ɑ̂ tʉ̀ʼ ɑ̀m
 Le livre est gros	Buʼ ŋwàʼnǐ lɑ ghuʼ
 Regarde qui dit ça.Lɔtə mɛ̀n a cwɛ̌ɗ ncob lɑ
 J'ai lu la lettre pour lui	Mə siaŋ ŋwàʼnǐ nǔm zə̂ tu
 J'ai trouvé ça sous ton lit	Mə̀ fon yi ɑ̂ bǎm yù kunndɑ
 Il parle mieux l'anglais que moi	A bə̂ ncob nglisi ncʉɑ̂ ɑm
 À demain !	Bə tʉʼ ndǎmnjʉ
 Elles en veulent davantage	Bo mbɛ̀n nkɔ̂
 Elle vit seule dans cette chambre	A nkə tswə ɑ̂ tʉʼ i ntʉ̂m toʼndɑ lî
 Ils m'ont fait aller là	Bò ghʉ̀ mə nɛ̂n nzə̌nnɑ
 Vous êtes avec des amis	Bin bə ɑ̌ bo ɑ̂ bɑ̀ shùn cɑm
 Tu dois parler anglais	A bwɔ̀ mbə̌ ò cobtə nglisi
 Cette partie est tellement difficile	Sa li tǎ yɑmə
 Personne ne vous l'a demandé	Sɑ̂mmɛ̀n kə̂ʼ bɛdtə ô ju
 Ils ont eu plusieurs enfants	Bo nâʼ ghʉ̌ bon yɑmə
 Tu me vois	O cwɛ̌d njən ɑm
 À bientôt !	Bə̂ tsəʼ lɑ
 Qui travaille ce soir ?	Wʉ zə̀ a fàʼ mfə̌dnjʉ li ɑ̂ ?
 Notre travail est presque terminé	Ndàʼndǎʼ nzə̌nnɑ bag miâgtə̀ fàʼ sagə
 Je sais qu'il était occupé	Mə lɛ̀n mbə a ghʉ̌ fǎʼ nə̀shù
 Il avait un mal de tête	Tu î lò nkə nkwinə
 Nous sommes ici depuis trois jours	Â liʼ tad lî mbɑ̀ bàg bə̂ nzə̌nnî lɑ
 Tout le monde a été arrêté	Bo ghǒm njǒŋ bə̀nntʉ̀n fa
 Nous n'avons rien fait	Bàg kə̂ ghʉ̌ ju
 J'étais chez moi	Mə lò mbə ɑ̂ ndɑ̂ ɑ̀m
 On nous regarde	Bo cwɛ̌d ndɔtə yagə
 Nous avons parlé de vous	Bag cob nǔ nǔm bin
 Tu as la mauvaise personne	Yù mɛ̀n kə̂ʼ bə ɑ̂ mbɔ̀ mɛ̀n
 Il n'en est pas question !	lagtə̌
 Il a une bonne vue	A bə̂ njən ju mə̀bwɔ
 Tu vas trop loin	A cwɛ̌d nɛ̂n ngʉɑ nəsɑ̀m bə̂
 Tu connais la réponse ?	O lɛ̌n mbuntə̀ ki ?
 Combien coûte cet appareil photo ?	Lǒŋ ndòʼsə̂vʉ̀ lɑ̂ bə ɑ̂ siʼi
 Je suppose que ça va	Mə kwàtə̀ mbə̀ njǒŋ cu fa bə dʉ̀ʼ i lɑ
 Elle a aussi acheté le dictionnaire	Mbɑ̀ yi jun tàʼ ntàncobə
 Ils ont commencé en même temps	Bò toʼtə ɑ̂ ngə̀lâŋ ncʉʼ
 Il est occupé avec son travail	Fà sə cwɛ̌d ndôʼ njǒŋ zə̀ ngə̀laŋ
 Elle a quelques amis	A ghʉ̌ bon shun
 C'était très difficile	A lò ntâ nə̀shù
 Elle lui a donné beaucoup d'argent	A cwɛ̌d mfɑ̂ mbwǒŋ nkɑ̂b yi
 J'ai aimé parler avec elle	Nə cobtə bô yi lò bɔ ɑm tsə
 On peut leur faire confiance	Bə̂ bag sô njîm bo
 Que je suis heureux aujourd'hui !	Ɔ ntʉ ɑm nə̀ mbɔ̀ sɛ̂nnî mbɛ̂ !
 Cela me rend si heureux	A cwɛ̌d ngʉ̂ ntʉ ɑ̂m dǔn tsiàŋtə̀
 J'ai écrit une lettre en anglais	Mə lò nkî tàʼ ŋwàʼni bô nglisi
 Je dois en acheter un demain	A bwɔ̌ mə̀ jun ncʉ̌ʼ ndǎmjʉ
 C'est une photo de ma maison	A bə̂ ɑ̂ tàʼ sə̂vʉ̀ yɑ̀m bàʼ
 Elles n'ont rien contre	Bò kə̂ʼ ghʉ̂ ju bə̂ bo shum î yi lɑ
 Il en a également un	Mbɑ̀ yi ghʉ̂ ncʉʼ
 J'ai vraiment besoin d'un verre	Mə kɔ̌ kwǎʼ nə̀ nu ndùʼ
 Je viens ici chaque jour	Mə̀ bə̂ nsə̂ʼ nzə̌nnî njǒŋ liʼ fa
 Il parle bien anglais	A bə̂ ncob nglisi mə̀bwɔ
 J'ai pensé à vous	Mə kwàtə̌ num yin tû wʉd
 Ça a été son meilleur temps	A lò mbə ɑ̂ tsə̂ mbɔ̀ ngə̀laŋ
 Ça fonctionne dans les deux sens	A nkə mfa' ɑ̂ mbɑ̀ yǐd tàŋ ò bə̂ mbwə lɑ
 Je pense avec ma tête	Mə nkə nkwa ɑ̂ bô tu ɑm
 Ce mot a deux sens	Jûncob li ghʉ̌ mbàgtə̀ mi mbɑ̂hɑ
 Je suis déjà prêt	Mə yɑ̂ nàbtə̌ wʉd ɑ̀m
 C'est la réponse	À bə ɑ̂ mbuntə̀
 C'est hier qu'il est mort	A kwʉ ɑ̂ nkòg
 Tu n'es plus mon ami	Ò kəʼ mbɛ̀n mbə ɑ̂ shun ɑ̀m
 Ça reste à voir	A tʉʼ ɑ̂ mbɑ̀ bo yən nɑ
 Il est tellement jeune	A kə̀ʼ ɑ̂ bə̂ mə mɛn
 Je n'ai jamais essayé	Mə̀ kə̂ʼ tǒʼ zwiʼtə̀
 Va avec tes amis	Nɛ̀n bô shun co
 Il peut parler français et anglais	A lɛ̌n nə̀ cob flansi bô nglisi
 Il est en train de nager	À nkə nda ɑ̂ ntsə̌ ndɔ̌nnî
 Je vais bientôt être partie	Ndàʼndǎʼ nzə̌nɑ mə nɛ̂n
 Elle était jeune	A naʼ kə̀ʼ ɑ̂ mɛn sɑb
 Je suis celui qui l'a rencontré	Mə mbɛ̌n mbomtə bâg yi
 Je déteste rester seul	Mə̀ bə̂ mbɑ̂ nə̀ tswə tʉ̀ʼ ɑ̀m
 Ce dictionnaire n'est pas à moi	Ntà cob lî kə̂ʼ bə ɑ̂ yɑm
 Je me souviens de quelque chose	Mə cwɛ̌d nkwimtə tsə̀môʼ cu
 Je suis fatigué de cette vie	Mə bod yǒg lî
 Laisse ça où tu l'as trouvé	Faŋ yi lɑ dʉʼ zə̀ ò yə̂n nɑ
 Cette fille ressemble à sa mère	Mɛ̂n ngǒn nî futə mɑ̂ ɑb
 Soit tu vas, soit je vais	Ò bə̂ kə̀ nɛ̀n mbɑ̂ mə̀ àʼ nɛ̀n
 C'est vraiment une bonne idée	A bə ɑ̂ kwàʼ mbwɔ̀ nkwàtə̀
 C'est entre toi et moi	A bə ɑ̂ nə̀tɛ̂d wʉ̀ bô mə̀
 Tu as besoin de plus étudier	A bwɔ̌ ò mbɛ̂n nkâg tʉ̌n nǔm nə̀ zitə ŋwàʼni
 J'ai mal à la tête	Tu ɑm cwɛ̌d nkwinə
 Je veux vous parler seule	Mə kɔ̌ nè cobtə mbɑ̀ bô wəlô
 Elle vit seule	A nkə ntswə ɑ̂ tʉʼ i
 J'ai terminé le travail hier	Mə lò miâgtə fǎʼ nkòg
 Nous ne pouvons rien voir	Bag lò kə kùʼnǐ nə̀ yən câg ju
 Je ne dispose pas de voiture	Mə kə̂ʼ ghʉ̌ yaŋbàʼ
 J'étais très fatigué aujourd'hui	Mə lò bod nə̀shù sɛ̂nnî
 J'ai envie de sortir	Mə kɔ̌ nə̀ tumə
 Viens nager avec moi	Sə̀ʼ ndâ ntsə bô mə̀
 Je vais passer chez toi	Mə̀ àʼ tog ndɑ ò
 Je n'aime pas être seule	Me kə̂ʼ bə kɔ̌ nə bə tʉ̀ʼ ɑ̀m
 C'est juste devant tes yeux	A bə̂ kwǎʼ mbwə̀ u
 Je vous laisse partir	Mə bam mbə̌ bìn nɛnə
 Comment est la famille ?	Tǔnndɑ bə ɑ̂ ndʉ̂gə ?
 Il est si gros !	A ghuʼ nə̀shù
 Elle n'est plus seule maintenant	A kə̂ʼ mbɛ̀m mbə ɑ̂
 Je veux vous parler seul.Mə kɔ̌ nə̀ cobtə bog wʉ̌ tùʼ bə̀
 C'est ainsi que ça s'est passé	A bə ɑ̂ mbɑ̀ a tôg lɑ
 Il a écrit une lettre	A kǐ tàʼ ŋwàʼnì
 Je suis trop gros	Mə ghuʼ nə̀shù
 Ils l'ont tous fait	BO ghʉ i njòŋ yub fa
 Il ressemble beaucoup à son père	A futə tɑ ɑb yɑmə
 Ça sera bientôt parti	Ndàʼndǎʼ nzə̌nnɑ a nɛ̂n
 Je n'aime pas être seul	Mə kə̂ʼ bə kɔ̀ cɑm nə̀ bə tʉ̀ʼ ɑ̀m
 Le passé est le passé	Ju à tǒg lɑ tog
 Je serai dans ma chambre	Mə àʼ bə ɑ̂ ntʉ̂m sɑ̂m toʼ ndɑ
 Sa famille est très grande	Tǔnndɑ î zi nə̀shù
 Tu viens ici chaque jour ?	Ò bə̂ nsə̂ʼ nzə̌nnǐ njǒŋ liʼ fa ki ?
 Je ne suis plus fatigué	Mə̀ kêg mbɛ̀n mbolə
 Je voudrais bien un reçu	Mbɑ̂ o lò mfɑ mfə̌ju mə̀
 Tout le monde devrait le savoir	Mbɑ̂ njǒŋ bəŋ fa lò ndɛ̌nə
 Elle va avoir un bébé	A bə̂ jʉm lɑ
 Vous n'êtes plus jeune	Bìn kə̂ʼ mbɛ̀n ntʉʼ ɑ̂ bɔnnkəʼ
 Je pense la même chose qu'elles	Bâg bo ghʉ̂ nkwàtə̀ ɑ̂ ncʉʼ 
 Tout le monde connaît la nouvelle	Njǒŋ bə̀nntʉ̀n fa lɛ̌n cɔ̀
 Tout le monde rêve	Njǒŋ bə̀n fa bə̂ nsi njə̀m
 Je ne parle pas l'anglais	Kɑ̂ cob nglisi
 Alors, quand exactement ?	Ndʉlɑlɑ bə̂ bo dʉ̂ mbə sə ?
 C'était la nuit	A lò mbə ɑ̂ tswəʼ
 Je veux davantage	Mə mbɛ̀n nkɔ̂
 Mon chat est mort hier soir	Yɑ̀m busi kwʉ nkôg lî mfədnjʉ
 Quelle est la bonne réponse ?	Mbɔ̀ mbwə̀ntə̀ bə ɑ̂ yid ɑ̂
 Je l'ai déjà vue	Mə yɑ̂ yənə
 C'est l'heure de manger	A bə ɑ: ngəlaŋ nə jʉ caŋ
 Ça devrait le faire	Yi àʼ kùʼ
 Il a écrit une lettre hier	A lò nkî tàʼ ŋwàʼnǐ nkòg
 Je suis allé à l'école, hier	Mə lò nɛ̂n ŋwàʼnǐ nkòg
 Je suis prêt à partir maintenant	Bə̂ mə nɛ̂n ndɔ̌nnî
 Il m'a appelé presque chaque jour	À nâʼ nkə ntsiaŋ ɑm ɑ̂ njǒn liʼ fa
 Nous devrions faire ça plus souvent	A bwɔ̌ bàg nkə njɑ̂ ghʉ̀ yənnî
 C'est de nouveau plein, aujourd'hui	A mbɛ̀n dun sɛ̂nnî
 Il pourrait ne pas venir	Bə a kə tàg
 J'ai perdu mon sac	Bɑ̀m ɑm bi
 Je connais votre fils	Mə lɛ̌n yù mɛ̂n shùm
 Je sais qu'il est occupé	Mə̀ lɛn mbə a ghʉ̌ fàʼ
 Je veux simplement être seule	Mə kɔ̌ nə̀ bə cɑm ɑ tsə̀ʼ ɑ̀m
 Regarde cette fille !	Lɔtə mɛ̂n ngǒn nî
 C'était trop difficile pour moi	A lò nsag ɑm tsə
 Je l'ai vu en premier	Mə mbɛ̂n mbôg mbwə̀ 
 Beau boulot, mon vieux !	A bwɔ̌ mɛn mɑ
 Je viens d'avoir un nouveau téléphone	Mə yǒg nə ghʉ kɑ̂b nswə lî
 Aujourd'hui je n'ai pas d'argent	Me kə̂ʼ ghʉ nkɑb sɛ̌nnî
 Regarde, il vient	Lɔtə , a lɑ  a sə̀ʼ lɑ
 Ma fille a pris froid	Mfʉag co nǔm ngòn ɑ̀m
 Je ne sais pas l'anglais	Mə̀ kə̂ʼ lɛ̌n nglisi
 C'est exactement ce qu'elle voulait	A bə ɑ̂ kwàʼ ju à lǒ diàg lɑ
 Il n'en a jamais parlé	A kêʼ toʼ nǔ nùm bwə
 Il est plein aux as	A ghʉ nkɑb tɑ̀ a *cʉâtə̀
 Il ne doit pas vivre	A bwɔ̀ mbə̌ a kwʉ
 C'est celui de mon frère	À bə ɑ̂ zə̂ mfɛd ɑ̂m zə̀ mɑndùm
 Je veux simplement être seul	Mə kɔ̌ nə̀ bə tʉ̀ʼ ɑ̀m
 Je m'en suis occupé pour vous	Mə fǎʼ ju à lò mbə̂ o fàʼ lɑ
 Mon frère n'a pas d'argent	Mfɛd ɑ̂m zə̀ mɑndùm kə̂ʼ ghʉ̌ nkɑb
 Vous devriez acheter ce livre	Mbɑ̂ bin lò jun sɑ̂m buʼŋwaʼnì
 Elle ne se rappelle de rien	A kəʼ cwɛ̌d nkwimtə ju
 Elle l'a essayé avec un ami	A zwiʼtə̀ bô môʼ nshun
 Il a sa propre maison	A ghʉ̀ zə̂ bàʼ
 Je crois à cette histoire	Mə kwàtə mbə cɔ lɑ bə ɑ̂ nənənə
 Ils en ont également une	Mbɑ̀ bo ghʉ̌ ncʉʼ
 C'est plein aujourd'hui	A dun sɛ̂nnî
 Reste ici avec nous	Twsə nzə̌nnî bô bag
 Peu reste à faire	A tʉʼ ɑ̂ mə ju î bo miâgtə
 Elle m'en a parlé	A cob nù mə̌ nùm bwə
 Il sait nager	A lɛ̌n nə̀ lǎ ntsə
 Tout le monde regarde	njǒn bə̀nntʉ̀n fa cwɛ̌d ndɔtə
 Comment fut votre voyage ?	Ò zin ɑ̂ ndʉ̂gə
 Je ne comprends pas ta question	Mə kə̂ʼ juʼ yu mbɛdtə̀
 Ce n'est pas un mauvais garçon	Mɛ̂n nshǔm nɑ kə̂ʼ bag
 Une bonne question	Mbɔ̀ mbɛdtə̀
 Il est toujours prêt	A bə̂ mbə tswə ndʉ̀ a nɑbtə̌ wʉd i
 Il est là pour quelques jours	À ghʉ̌ bon li njʉ nzə̌nnî
 N'en fais part à personne	Kɑ̂ cob sɑ̂m mɛ̀n
 Ils en ont également un	Mbɑ̀ bo ghʉ̌
 J'ai pensé que nous devrions partir	Mə nkə nkwatə mbə bǎg lò ndô
 Elle était la seule femme	Mɛn mɛ̀nnzwi lò mbə ɑ̂ ndǎʼ yi
 Regarde le garçon derrière la voiture	Lɔtə mɛ̂n nshǔm nɑ njàm yaŋbàʼ
 Je pensais que j'étais trop jeune	Mə nkə nkwatə mbə mə lò nkəʼ ɑ̂ mɛn
 Je sais pourquoi vous êtes ici	Mə lɛ̌n ju ò sə̂ʼ nùm bwə lɑ
 Il est temps d'y aller	Ngə̀laŋ nə̀ nɛ̌n kùʼu
 Il ne me connaît pas	À kə̂ʼ lɛ̀n ɑm
 Il parle vite	A cwɛ̌d ncobtə̂ ndə
 C'est si gros !	A ghʉʼ nə̀shù
 Ainsi va la vie!	À bə ɑ̂ mbɑ̀ njʉ loʼ mbə̂ yi lɑ
 Tu vas trop vite	O cwɛ̌d nɛ̂n ndə bə̂
 Elles y font quoi ?	Bò nkə ngʉ ɑ̂ kə bwə ɑ ?
 Personne n'est trop vieux pour apprendre	Njʉ̂ nə ziʼ ju kə̂ʼ bə sɛn
 Personne n'est trop vieux pour apprendre	Bò kə̂ʼ bə ywɛ̌n nə̀ ziʼ ju
 J'ai des nouvelles pour toi	Mə ghʉ̌ cɔ̀ nə̀ soŋ o
 Elles n'ont pu trouver le problème	Bò nkə̂ʼ fǒn  ju a lǒ ghʉ̀dnì lɑ
 La vie est comme un voyage	Yòg bə ɑ̂ mbɑ̂ nə̀ nɛ̌n cadtə̀ lɑ
 Qui est dans cette pièce ?	Â wʉ à bə̂ ntʉ̂m toʼ lɑ ɑ̀ ?
 Je suis heureux	Ntʉ ɑm dun tsiaŋtə̀
 Ils l'ont fait travailler	 Bò ghʉ̌ mə̀ fàʼa
 Il était trop vieux pour nager	A lò kə̀ bɛdtə à lǎ ntsə mbɑ̀ ngùʼ tsə *cʉâtə lɑ
 Elle a fait du bon boulot	A cwɛ̌d mfɑ̂ʼ kwàʼ mə̀bwɔ
 Je ne m'en souviens même pas	Mə̀ kə̂ʼ mbɛ̀n nə kwimtə
 Je sais ce qu'elles ont dit	Mə lɛ̌n ju bo cǒb lɑ
 J'ai parlé à mes parents	Mə cobtə̀ bag tɑ ɑm bô mɑ ɑm
 Je l'ai mis dans ta chambre	Mə yɑ̂b ntʉ̂m yù toʼndɑ
 Il faut que je voyage	A bwɔ̌ mə̀ nɛ̌n kadtə̀
 J'ai eu une idée	Mə ghʉ̌ tàʼ nkwàtə̀
 À tout à l'heure !	Bê ndɔ̌ndɔ̌n nî
 Je n'ai pas dit mot	Mə kə̂ʼ ghaʼ nshù
 J'ai quelque chose de meilleur	Mə ghʉ ju a cʉɑ̂ yənnɑ lɑ
 Elle a eu confiance en toi	A sǒ njîm wʉ̀
 Moi j'étais heureux de la voir	Ntʉ ɑ̂m lò ndun tsiàŋtə̌ mbɑ̀ mə yən i lɑ
 Elle me rappelle beaucoup sa mère	A bə̂ ngʉ̂ mə kwîmtə̀ mɑ̂ ɑb
 J'étais très occupé hier	Mə lò ngʉ̂ fǎʼ yɑm nkòg
 J'ai pris soin de son chat	Mə lotə busi ni
 Je crois à son histoire	Mə kwàtə ju a côb lɑ bə ɑ̂ nənənə
 Elle ressemble beaucoup à sa mère	A futə mɑ ɑb tà ndʉ bìn nɛ̂n soŋə
 Tu dois travailler davantage	A bwɔ̀ mbə̌ ò tʉ̂n mbu nǔm mfàʼ mu
 Il écrit une lettre	A kǐ tàʼ ŋwàʼnì
 Nous avons été amis	Bàg naʼ nkə mbə ɑ̂ bɑ̀ nshunə
 J'ai deux filles	Mə ghʉ̌ bon ngòn bɑhɑ
 Il a été laissé pour mort	Bo lo nkwatə mbə a lò nkwʉ
 J'ai perdu mes amis de vue	Mə sìʼ bô shun cɑm
 Quel était le problème ?	Ncǎ lò mbə ɑ̂ zilɑ ?
 Reste dans la voiture !	Tswə ntʉ̂m yaŋbàʼ
 Personne n'a parlé avec moi	Sɑ̂mmɛ̀n kə̂ʼ cob jû mə̀
 Elle l'a appelé au téléphone	À tsiaŋ i ɑ̂ nùm kɑ̂bzìb
 J'ai des choses à faire	Mə ghʉ̌ cu nə̀ ghǔ
 Il a peur de nager	A bə̂ mbwog nə̀ lǎ ntsə
 Il est devant la porte	A bə ɑ̂ mbwə̀ nzə̀ndɑ
 Pour qui tu te prends?	Ò nkə kwatə mbə̀ o bə ɑ̂ wʉ ?
 Quel est ton problème ?	Sǔ njà bə ɑ̂ kə
 Il est toujours plein de vie	Nə̀ta bə̂ mbə bàm i lɑ
 Il a été aimé de tous	Njǒŋ bə̀nntʉ̀n lô kɔ i
 Je vais rester ici quelques jours	Mə àʼ tswə nzə̌nnî bon liʼ njʉ
 Il est toujours très occupé	A nkə njog fàʼ ɑ̂ bə nə fàʼa
 Il doit être fatigué	À bə ndʉ̀ a bod
 Je veux te rendre heureux	Mə kɔ̌ nə̀ ghʉ̀ mbə̌ ntʉ u tsiâŋtə
 Il ne sait pas nager	À kə̂ʼ lɛ̌n nə̀ lǎ ntsə
 J'ai perdu ma confiance en lui	Mə lǐʼ njim mə̀ sò yi lɑ
 Je suppose que nous avons fini	Mə kwàtə mbə bə miàgtə̌
 Il a tout mangé	A jʉ fa
 Il a sa propre voiture	A ghʉ̀ zə̂ yaŋbàʼ
 Il vit quelque part par ici	Dʉ̀ʼ a cwɛ̌d ntswə lɑ kə̂ʼ sǎg nə lǒ nzə̌nnî
 Tu me prends pour qui ?	O nkə̀ ndoʼ ɑm nkwa ɑ̂ kə yi ɑ ?
 Je suis fatigué du travail	Mə yɑ̂ bod fàʼ
 Ça vient de sortir	À yǒg nə tumə
 Nous n'avons rien contre	Bàg kə̂ʼ ghʉ̀ câg ncà bô yi
 J'ai beaucoup à apprendre	Mə ghʉ̌ cu yɑmə nə̀ ziʼtə
 Il semble être quelqu'un de gentil	A fu mɛ̀̀n mə̀bwɔ
 Mes yeux me font mal	Miɑ̂g mɑm cwɛ̌d nja
 Je me souviens de tout ça	Mə cwɛ̌d nkwimtə njòŋ i fa
 C'est trop gros	A ghoʼ yɑmə
 Reste juste là !	Tswə ndâʼ nzə̌nnɑ
 Cela m'a déjà pris des heures	Tàʼ nyǎm yɑ̌ togə
 Je ne sais même pas pourquoi	Mə̀ kə̂ʼ nə ndɛ̂n cɑm num nkə
 Ça ne s'est pas bien terminé	A lò mî kwàʼ mə̀bwɔ
 Il travaille son Anglais	A cwɛ̌d zitə nə cob nglisi
 Je veux apprendre comment	Mə kɔ̌ nə̀ zitə̀ mbɑ bò bə̂ ngʉ̂ lɑ
 Où est le reçu ?	Mfə̌jun bə ɑ̂ yɑ ?
 Quel est votre problème ?	Kə zə̀ a cwɛ̌d ngʉ̀dni o ɑ ?
 Tu devrais essayer de le voir	Mbɑ̂ ò lò lɔtə
 Elles le font comme il faut	Bo nke ngʉ ɑ̂ mbh̀ a bɛdtə lɑ
 J'ai laissé mon sac ici	Mə faŋ bɑ̀m ɑm zənnî
 À quoi ressemble ta voiture ?	Yù yaŋbaʼ bə ɑ̂ ndʉ̂gə
 Il a une grande famille	Tǔnndɑ î zi
 Ma mère aime la musique	Mɑ ɑm bə̂ nkɔ̂ kwì
 Ceci est pour mon ami	A bə ɑ̂ zə̂ shun ɑ̀m
 Il était le seul homme	A lò mbə ɑ̂ ndǎʼ yi lô mbə mɛ̀n mɑndùm
 J'ai envie de partir en voyage	A bə ɑ̂ mbɑ̂ mə̀ àʼ nɛ̌n cadtə̀ lɑ
 Personne ne sait où il habite	Sɑ̂m mɛ̀n kə̂ʼ lɛ̌n dʉ̀ʼ a cwɛ̌d ntswə lɑ
 Ne me parlez pas comme ça	Kɑ̂ cob ndʉlɑlɑ
 Mon travail n'est pas encore terminé	Mə̀ kə̂ʼ yǒg miâgtə sɑ̂m fàʼ
 Ils ont fait du bon boulot	Bo fǎʼ fàʼ a bwɔ
 Va à l'école	Nɛ̌n ŋwàʼni
 Personne ne regarde	Sɑ̂m mɛ̀n kə̂ʼ lɛ̀n
 Mieux vaut ne pas y aller	Tʉ̂ʼ ndàʼ ò kə̀ nɛ̀n
 Je joue avec mes amis	Mə nkə ngʉ ɑ̂ sa bô shun cɑm
 Pas le moins du monde	Mbɑ̀ ndǎʼ mə ju i
 Je suis très gros	Mə ghuʼ yɑmə
 Je n'ai pas mangé	Mə̀ kə̂ʼ jʉ ju
 Je me souviens de vous deux	Mə cwɛ̌d nkwimtə yin ntu bɑhɑ fa
 Il me prit pour ma mère	Mə yən i nkwatə mbə à bə ɑ̂ mɑ ɑm
 J'ai besoin de quelque chose d'autre	Mə kɔ̂ jû wa
 Ils me l'ont dit	Bo côb mə̀
 J'étais très occupé aujourd'hui	Mə̀ lò ngʉ̂ fǎʼ yɑm sɛ̂nnî
 Il me faut être quelque part	A bwɔ̌ mə̀ nɛ̂n tàʼ dʉ̌ʼ ndɔ̌nnî
 Je ne sais pas vraiment pourquoi	Mə̀ kə̂ʼ lɛ̀n cɑm kwàʼ nǔm kə̂
 Je suis vraiment très occupé	Mə̀ ghʉ̌ fàʼ yɑmə
 Je ne comprends pas cette question	Mə̀ kə̂ʼ juʼ mbɛdtə̀ lɑ məbwɔ
 Le chat n'est pas mort	Busi lɑ kə̂ʼ kwʉ
 Ils n'ont rien contre	Bò kə̂ʼ ghʉ̂ côb ju bô yi
 J'ai vraiment aimé ce livre !	Mə kɔ̌ buʼ ŋwàʼnǐ li kwàʼ mə̀bwɔ
 Il a fait du bon boulot	Mə fǎʼ fàʼ a bwɔ
 Ce chien est gros	Mbʉ lɑ ghuʼ
 Il est tellement gros !	A ghuʼ ta
 Il te faut travailler vite	A bwɔ mbə̌ ò fâʼ ndə̂ndə
 Nous n'avons qu'une seule chance	Bə bag ghʉ ɑ̂ yòŋ ncʉʼ
 C'est ma question	Â yɑ̀m mbɛdtə̀
 Je me demande qui ils sont	Mə cwɛ̌d ncɑm dʉ̌ʼ zə̀ bə̂ bo bə̂ bwə lɑ
 Nous avons deux filles	Bag ghʉ̌ bon ngòn bɑhɑ
 J'ai deux fils et deux filles	Mə ghʉ̌ bon ngòn bɑhɑ ngʉ̂ bon nshùm bɑhɑ
 Ne parle pas boulot avec moi	Kɑ̂ cob nǔ nǔm fàʼ mə̀
 Nous avons parlé hier	Bag lò ncobtə nkòg
 Je n'ai pas de petite sœur	Mə̀ kə̂ʼ ghʉ̌ ntʉ̂ʼ njǎm zə̀ mɛ̀nnzwi
 Je sais comment cela fonctionne	Mə Lə̌n mbɑ̀ à bə̂ mfâʼ lɑ
 Tu n'es pas allé très loin	Ò lò kə̀ nɛ̌n ngʉɑ nəsɑ̀m
 Je ne me rappelle de rien	Mə̀ kə̂ʼ mbɛ̀n nə kwimtə ju
 Le chien est mort	Mbʉ kwʉ
 Il vous a demandé	A lɔtə o
 Elle est plutôt bonne	A bə mə̀bwɔ
 J'ai une autre idée	Mə̀ ghʉ̀ môʼ màd nə yənə
 Je pensais que j'étais heureux	Mə nkə nkwatə mbə ntʉ ɑ̂m lò nkə ntsiâŋtə 
 Comment va ton nouveau boulot ?	Fàʼ sə bə ɑ̂ ndʉ̂gə
 Elle parle français et anglais	A bə̂ ncob flansi bô nglisi
 C'est entre vous et moi	Bâg wʉ̂ mbɛ̂n ghʉ̂ ncâ lî
 Il travaille de nuit ce soir	A cwɛ̌d mfâʼ mfə̂dnjʉ̂ sɛn
 Il vaut mieux faire que dire	Ncʉɑ̂tə nə̀ cobtə bo fâʼ fàʼ
 Il a un mal de tête	A ghʉ̌ tàʼ kwìn tu
 Je ne m'en souviens simplement pas	Mə̀ kə̂ʼ mbɛ̀n nə kwimtə
 Il a fait cela pour l'argent	A ghʉ ɑ̂ num̌ nkɑb
 Il travaille pour vivre	A nkə njʉ sə̂ fàʼ ɑ̂ njǎm sə̂ fàʼ
 Elle parle également français	A bə̂ ncob mbɑ̀ flansi
 Je ne comprends pas votre question	Mə̀ kə̂ juʼ yu mbɛdtə̌ mə̀bwɔ
 Je pense que vous devriez nager	Mə̀ kwàtə̀ mbə a lò mbɔ̂ mbə̌ bìn lâ ntsə
 Nous devrions le faire plus souvent	A bwɔ̀ mbə̌ bàg nkə njɑ̂ ghʉ̌
 Tout va bien se passer	Kɑ mɛ̀n lɑ̂b wʉd
 Le temps passe trop vite !	Ngə̀laŋ bə̂ ntog ndə̂ndə bə̂ !
 Je veux regarder ça	Mə kɔ̌ ne lɔtə
 Regarde cette maison	Lɔtə bǎʼ lɑ
 Va plus vite !	Nɛ̀n ndə̂ndə
 Tu n'as pas à travailler aujourd'hui	Ò kə̂ʼ ghʉ̌ nə̀ fàʼ sɛ̂nnî
 Prends ce que tu veux	Lǒʼ ju ò kɔ̂ lɑ
 Que fait votre fils ?	Nshùm ù nkə ngʉ̂ ɑ̂ kə ?
 Je sais ce que tu penses	Mə lɛ̂n ju zə̀ o cwɛ̌d nkwatə lɑ
 Tu n'es pas encore mort	À kə̂ʼ yǒg nkwʉ
 Il l'a essayé avec un ami	A lò nzwiʼtə bô tàʼ nshun i
 Vous ne pouvez pas sortir	Bə̂ ò kə̀ tum
 Vous n'en avez aucune idée	Bìn kə̂ʼ lɛ̀n tsinə
 Il n'a pas pu venir hier	A lò kə̀ kùʼnǐ nə̀ sə̌ʼ nkòg
 Le train est arrivé	Lǒŋtùbtǔb kùmə
 Ce n'était qu'un rêve	A lo mbə ɑ̂ ndǎʼ njə̀m
 Elle a tellement envie d'y aller	Nə̀ nɛ̀n yi bə ɑ̂ vʉ
 Cela a pris exactement une heure	Mə ghʉ ɑ̂ ntʉ̂m tàʼ nyàm
 Ce n'est pas juste pour l'argent	A kə̂ʼ bə ɑ̂ ndâʼ nǔ nkɑb
 Elle se connaît bien	A lɛ̌n wʉd î mə̀bwɔ
 Je veux vous rendre heureux	Mə kɔ̌ nə̀ sǔ tsiàŋtə̌ ntʉ ǔ sɛ̂nnî
 Je suis vraiment très fatigué aujourd'hui	Mə̀ bod sɛ̂nnî ɑ̂ kwàʼ màd
 Tout le monde est parti, maintenant	Njǒŋ bə̀nntʉ̀n fa nɛ̀nə
 Ceci n'est jamais arrivé	Ju lî kə̂ʼ tǒʼ kùm
 Il n'est pas prêt	A kə̂ʼ yôg nkuʼni
 Elles te veulent mort	Bo cwɛ̂d nkɔ̂ mbə̌ ò kwʉ
 J'étais gros comme toi	Mbɑ̀ mə̀ naʼ nkə nguʼ ɑ̂ mbɑ̂ wʉ̀ lɑ
 Je suis venu, non ?	Mə sə̀ʼə, nga ki ?
 Qui t'a donné ça ?	A wʉ̀ zə̀ à fɑ̂ ju lî wʉ̀ ɑ̀ ?
 Je n'aime pas cette idée	Mə̀ kə̂ʼ kɔ̌ yə̂n nə̀ kwàtə lɑ
 J'ai un rêve	Mə zi tàʼ njə̀m
 Ta lettre m'a rendu heureux	Yù ŋwàʼnǐ ghʉ̀ ntʉ ɑ̂m tsiântə̀
 Ma mère se sent mieux	Mɑ ɑ̂m cwɛ̂d njuʼ məbwɔ ndɔ̌nnî
 Pas vrai !	Nənənə !
 Je me sens fatigué	Mə bod
 Tu vas prendre froid	Mɑŋwʉ àʼ shʉb i
 Il a trois fils	A ghʉ̌ ntɑ̀ nkʉ̀ ntad
 Il a trois fils	A ghʉ̌ bon nshùm tad
 Ça ne fonctionne pas du tout	A kə̂ʼ cwɛ̌d ghʉ̂ fàʼ sə mbɑ̀ mə ju i
 Il n'était pas à l'école hier	A lo kə̀ bə dʉ̌ʼ ŋwàʼnǐ nkòg
 Je n'en crois pas un mot	Mə kə̂ʼ cwɛ̌d nkwatə mbə ju mə cwɛ̂d njuʼ lɑ bə ɑ̂ nənənə
 On ne peut en être sûr	Bə̂ bàg kə nu ngwʉ̌ nùm bwə
 Il sera bientôt trois heures	Ndàʼndàʼ nyàm tad kum
 Je n'aime pas apprendre	Mè kêʼ mbə kɔ̌ nə ziʼ ju
 Chaque chien a son jour	Mbɑ̀ yîd mbwə lô ghʉ̀ zə̂ liʼ
 Je n'ai plus confiance en lui	Bə̂ mə̀ kə mbɛ̀n nsô njîm yi
 Je l'ai mis dans votre chambre	Mə yɑ̂b ntʉ̂m yù toʼndɑ
 Je mange ici chaque jour	Mə bə̂ njʉ ju bwə njǒŋ liʼ fa
 Je suis trop vieille pour ça	Mə̀ kə̂ʼ mbɛ̂n ngʉ̂ ngùʼ nǔm yi lî
 Je ne me rappelle pas beaucoup	Mè kə̂ʼ mbɛ̀n nə̀ kwimtə mə̀bwɔ
 Elle a l'air fatigué	À bə ɑ̂ mbɑ̂ a bod lɑ
 J'ai rencontré une vieille femme	Mə bùmtə̌ tàʼ njwɛ̀n mɛ̀nnzwi
 Il sera un bon professeur	Mə̀ a zi mbə ɑ̂ tàʼ mbɔ̀ ngàtswìtə̀
 Je suis prêt pour partir	Mə yɑ̂ nkə nɛnə
 Je commence à devenir vieux	Mə cwɛ̌d ntoʼtə nə ywɛ̀nə
 Je suis venu avec mes amis	Mə̀ səʼ ɑ̂ bô shun cɑm
 Je le ferai avec toi	Mə̀ ghʉ̀ ɑ̂ bâg wʉ̀
 Tu n'en as aucune idée	A kə̂ lɛ̂n ju bwə
 Encore un jour de passé	Shʉ̌ môʼ liʼ lî à tôg lɑ
 Vous pouvez leur faire confiance	Bə̂ o sû njîm bo
 Le garçon a appris à lire	Mɛ̂n shǔm nɑ ziʼtə nə̀ siaŋə
 Non, je vais prendre le bus	Nga, mə̀ àʼ lòʼ ɑ̂ yaŋbàʼ
 Il s'est décidé à y aller	A yɑb tu i mbə̀ àʼ nɛ̀n bwə
 Tu dois également lire ce livre	A bwɔ̀ mbə̌ mbɑ̀ wʉ siaŋ yə̂n buʼ ŋwàʼnǐ lî
 Ta question n'a pas de réponse	Yù mbɛdtə kə̂ʼ ghʉ̌ mbuntə̀
 Ce n'est pas difficile à trouver	À kə̂ʼ tǎ nə̀ fònə
 Maintenant je suis vraiment fatigué	Mə bod kwàʼ nə bodlə ndɔ̌nnî 
 Il me faut quelque chose d'autre	A bwɔ̌ mə ghʉ̂ jû wa
 Il aime beaucoup l'anglais	A kɔ̌ Nglisi yɑmə
 Je parle tout seul	Mə bə̂ ntswə ncobtə tʉ̀ʼ ɑ̀m
 Comment était ton voyage ?	kadtə̀ lò mbə ndʉ̂gə
 Il est ton fils	A bə ɑ̂ nshùm ù
 Je n'ai aucune question	Mə̀ kə̂ʼ ghʉ̌ mbɛ̂dtə̀
 Non, pas moi, mais toi !	Nga, kə bə ɑ̂ mə̀ ndǎʼndʉ̂ wʉ̀
 Fais un bon voyage !	Zǐn mə̀bwɔ̀
 Il ne voulait pas partir	A lò kə kɔ̌ nə̀ nɛ̀nə
 Personne n'était dans la pièce	Sɑ̂m mɛ̌n lò kə̀ bə ntʉ̂m to'ndɑ lɑ
 Il vous faut travailler vite	A bwɔ̀ mbə̌ bìn fâʼ ndə̂ndə
 Tout le monde fut arrêté	Bò nâʼ tsin njǒŋ cu fa
 Il n'est plus l'homme qu'il était	A kə̂ʼ mbɛ̀n mbə ɑ̂ mɛ̀n a bə̂ yi lɑ
 Cette pièce n'est pas très grande	Tòʼndɑ li kə̂ʼ ghuʼ
 Il fit un assez bon boulot	À nâʼ fǎʼ fàʼ a bwɔ
 Il est votre fils	À bə ɑ̂ nshùm ɑ̀m
 Je pensais être seul	Mə lò nkə nkwatə mbə̀ mə lò mbə ɑ̂ tùʼ ɑ̀m
 C'était un si beau jour	A lò mbə ɑ̂ kwàʼ taʼ liʼ mə̀bwɔ
 J'étais comme vous	Mbɑ̀ mə naʼ nkə mə ɑ mbɑ̂ wʉ̀ lɑ
 Vous devriez le savoir	A lò mbɔ̂ mbə̌ ò lɛnə
 Ton chat est gros	Busi ǒ ghuʼ
 Il a pu lire ce livre	A kùʼnǐ nə̀ siaŋ buʼ ŋwàʼnǐ lî
 Tu peux rester jusqu'à ce soir	Bə̂ o tswə kɑ̀ nkûm mfə̂dnjʉ
 Ce qu'il fit n'était pas mauvais	Ju a naʼ ngʉ̂ lɑ nâʼ kə̀ bag
 J'ai eu ce vélo pour rien	Mə ghʉ̂ ba li ɑ̂ bɑ̂nbɑn
 Tu aurais dû faire comme ça	Mbɑ̂ o lò ngʉ̂ ɑ̂ ndʉ̂
 Je l'ai appris à l'école	Mə̀ ziʼtə ɑ̂ ŋwàʼnì
 Tout n'est que rêve	Njǒŋ cu fa bə ɑ̂ nkwàtə̀
 Je dois partir tôt demain	A bwɔ̌ mə̀ lô nzə̌nnî ndə̂ndə ndâmnjʉ
 Ça fonctionne assez bien ici	A cwɛ̌d mfâʼ mə̀bwɔ nzə̌nnî
 Ton livre est sur le bureau	Yù boʼ ŋwàʼnì bə ɑ̂ nùm nkòʼ
 Il est français	A bə ɑ̂ zə̀ Flansi
 Son frère s'est perdu en ville	Mfɛd î zə̀ mɑndǔm bi toŋ
 Il m'a acheté un nouveau dictionnaire	A jun ntàncôb nswə̂ mə̀
 Tu ne l'as pas vu	Ò kə̂ʼ yən i
 C'était une mauvaise idée	Nkwàtə̌ lɑ lò kə bə mə̀bwɔ
 Je sais des choses	Mə lɛ̌n bôn cu
 Tu dois déjà aller au lit	A lò mbɔ̂ mbə̌ ò nɛ̂n nzi
 Ne fais confiance à personne ici	Kɑ̂ sǔ njim ntʉ̂m sɑ̂m mɛ̀n
 Je ne connais pas ce mot	Mə kə̂ʼ lɛ̌n yə̂n jûncob lî
 Pendant tout ce temps, j'étais là	Mə lò mbə nsi njǒŋ yə̂n ngəlaŋ nɑ fa
 J'ai seulement une sœur	Mə ghʉ ɑ̂ tàʼ mfɛd zə̀ mɛ̀nnzwi
 Il va faire assez froid	Mfʉag àʼ co mə̀bwɔ
 Il dit vrai, il était occupé	A nkə ncob ɑ̂ nənənə, a nkə̂ mfâʼ ɑ̂ fàʼ
 Tu as la confiance de tous	Bag sǔ njîm wʉ̀
 J'étais seul sans elle	Ngəlaŋ a bə̂ kə̀ bə nsi lɑ̀, mə nkə mbə ɑ̂ bə̂ tʉ̀ʼ ɑ̀m
 Ce sont mes amis	Bò bə ɑ̂ shun cɑm
 Soyez vue par moi !	Mbə̌ mə̀ yen yinə
 Tu aurais dû venir hier	Mbɑ̂ o lò nsə̂ʼ nkòg
 Je vais sortir	Ndàʼndàʼ mə tum 
 Il était jeune	A lò nkəʼ ɑ̂ bə̂ mɛn sɑb
 Je suis sûr de son nom	Mə lɛ̌n lɛ̂n kwàʼ mə̀bwɔ
 C'est très gentil à vous	O ghʉ̀ a bwɔ
 De qui était cette idée ?	Nkwàtə̌ lî be ɑ̂ zə̀ wʉ ?
 Il cherche un bon travail	A cwɛ̌d ndɔtə mbɔ̀ fàʼ
 Tu dis ?	O mbə
 Nous sommes vieux amis	Bàg bə nshun ɑ̂ fə ndʉ mɑ nyàm
 Sois vue par moi !	Mbə mə̀ yənə
 C'est moins bien, je trouve	Mə kwàtə̀ mbə a kə̂ kǔʼ njǒŋ moʼo
 Personne n'avait plus rien à dire	Sɑ̂m mɛ̌n lò kə̀ mbɛ̀n ngʉ̂ ju nə̀ cobə
 Je veux une cuisine comme ça	Mə kǒ tàʼ *fʉâʼmbwogə mbɑ̂ yennî lɑ
 Tu as l'air fatigué	O fu mɛ̌n zə̀ a bôd tàʼ lɑ
 Il vous regarde toujours	Miɑ̂g mi nkə bə ɑ̂ bə̂ nǔm bin
 Je veux un bon dictionnaire	Mə kɔ̌ tàʼ nta ncob zə̀ à bwɔ̂ lɑ
 Ne sois pas un mauvais garçon	Kɑ̂ bə tàʼ mɛ̂n nshùm kə̀bwɔ̀
 J'ai eu beaucoup de chance aujourd'hui	Mə lò ngʉ̂ mbwɔ̀ lin sɛ̂nnî
 Ce dictionnaire n'est pas bon	Ntàncob lî kə̂ bə məbwɔ
 Tout le monde aime son pays	Mbɑ̀ wəlô bə̂ nkɔ̂ zə̂ ngɔ̀
 J'ai besoin d'un nouveau vélo	Mə kɔ̌ nə̀ ghʉ̌ tàʼ bâ nswə
 L'anglais est la langue du monde	Nglisi bə ɑ̂ ncob bò bə̂ njâ cob ntʉ̂m njʉ lɑ
 Personne ne savait vraiment quoi dire	Sɑ̂m mɛ̌n lò kə̀ lɛ̌n kwàʼ ju bo cob lɑ 
 Elle n'était pas très loin derrière	A lò kə bə ɑ̂ tǎ njàm
 Je savais qu'ils étaient tes amis	Mə lò ndɛ̌n mbə bo lò mbə ɑ̂ shun co
 Je ne suis pas occupé	Mə̀ kə̂ʼ ghʉ̌ ju nə̀ fǎʼ ndɔ̌nnî
 Il a perdu la vue	A kə̂ʼ bɛ̀n nə yən nzə̀
 Où se trouve le sac ?	Bɑ̀m bə ɑ̂ yɑ ?
 Je ne veux pas ton boulot	Mə kə̂ʼ kɔ̌ fàʼ su
 Il écrit des livres	A bə̂ nkitə bɑ̀ mboʼ ŋwàʼnì
 Nous n'avons rien appris	A kə̂ʼ ziʼ tsə̂ ju nkwimtə
 Je passe avant vous	Mə cwɛ̌d mbôg sə̀ʼ wʉ̀
 Où est le reste ?	Mbwə̀ʼ ì bə ɑ̂ yɑ ?
 On a rien sans peine	A bô kə̀ ywìd mbɑ̂ ò kə cog cu
 Il voulait venir avec nous	A lò nkɔ̂ nə̀ sə̀ʼ bô bag
 Vous êtes mes amis	Bìn bə ɑ̂ shun cɑm
 Elle se sent mal aujourd'hui	A kə̂ʼ cwɛ̌d njuʼ mə̀bwɔ sɛ̂nnî
 Tu m'as oublié, pas vrai ?	O làgtə ɑm, nga ki ?
 J'ai le même âge que lui	Bò bwə yag ɑ̂ ntʉ̂m nguʼ ncʉʼ
 Soyez plus gentil avec votre sœur	Nkə ngʉ̂ mbɔ̀ màd bô ngòn *mɑ ɑn*
 Tu n'as aucune chance, contre elle	Bə̂ ò kə cʉɑ̀ i
 Elle lui rappelle sa mère	A cwɛ̌d nkwimtə i mɑ ɑb
 Je vais être votre professeur	Mə̀ àʼ mbə yìn ngàtswìtə̀
 Si pas maintenant, alors quand ?	A bə kə bə ndɔ̌nnî mbɑ̂ a àʼ bə ɑ̂ sə ?
 Ce film est pour enfants	Cɔ̌ lî ntʉ̂m ngʉɑyən bə ɑ̂ zə̂ bɔnkəʼ
 Je veux toutes les acheter	Mə kɔ̌ nə jun njòŋ i fa
 Je sais ce qu'ils veulent dire	Mə lɛ̌n ju bo cwɛ̌d ndiâg nə cob lɑ
 Vous êtes plutôt bonne	Bin bwɔ̌ bə̂
 Où sont les filles ?	Bôn ngǒn yɑ̀ ?
 Moi aussi, je suis professeur	Mbɑ̀ mə̀ bə ɑ̂ ngàtswìtə̀
 Pas de vie sans musique	Kwì bə̂ kə bə mbɑ̂ bə̂ yòg kə bə
 Je ne travaille pas ainsi	Mə̀ kə̂ʼ bə fàʼ cɑm ndʉlɑlɑ
 C'est juste ainsi	À bə ɑ̂ ndǎʼ ndʉlɑlɑ
 Je suis trop vieille pour vous	Cɑ̂m ngǔʼ njʉ cʉɑ̀ co mbɛ̀n ncuɑ̂
 Cette fille ressemble à un garçon	Mɛ̂n ngǒn nɑ futə mɛn mɑndùm
 Cette peine n'a pas de sens	Nə̀ yən ngəʼ lî kə̂ʼ ghʉ̌ tu i
 Nous pouvons partir après le déjeuner	Bə bag nɛn ngəlaŋ bàg lôʼ kəbntsiʼ lɑ
 Il est loin d'être heureux	À kə̂ʼ ghʉ̌ fitə̀ ntʉ mbɑ̀ mə ju i
 Il vit seul	A nkə ntswə ɑ̂ tsə̀ʼ i
 Elle l'a pris pour quelqu'un d'autre	A lǒʼ mɛ̀n wa
 C'est le temps d'aller à l'école	A bə ɑ̂ ngə̀laŋ nə̀ nɛ̌n ŋwàʼnì
 Je ne m'en rappelle rien	Mə̀ kə̂ʼ kwimtə̀ nû nùm bwə
 Ça n'en est pas moins vrai	A kə̂ʼ nə mbə tsə̂ tadtə
 Je ne me le rappelle pas	A kə̂ʼ cwɛ̂d nkwimtə ɑ̂m ju
 Ça te rappelle quelque chose ?	A cwɛ̌d nkwimtə ô ju ki ?
 Il ne veut que le meilleur	A kɔ ɑ̂ ndɑ̂ mɛ̀n à tûm lam nɑ
 Il m'en a parlé	A cob ju mə̌ nùm bwə
 Je l'ai appelé au téléphone	Mə tsiaŋ i bô kɑ̂bzìb
 Elles n'ont rien à manger	Sɑ̂mju nə̀ jʉkə̂ʼ bə̂ bo
 J'étais heureux de la voir	Ntʉ ɑ̂m dun tsiàŋtə̌ mbɑ̀ mə yən i lɑ
 Il aime beaucoup la musique	A bə̂ nkɔ̂ kwǐ nə̀shù
 C'est plutôt grand	A zi
 Je lui ai appris à nager	Mə tswìtə i nə lǎ ntsə
 Elle sait à peine parler	A kə̂ʼ yôg ndɛ̂n nə cobtə mə̀bwɔ
 Nous ne l'avons pas encore vu	Bàg kə̂ʼ yôg njənə
 Il se montre difficile avec moi	A cwɛ̂d nkâg kwìn tû mə̀
 Trop d'argent ?	Nkɑ̂b yɑm ki ?
 Ils en veulent davantage	Bo bɛ̀n nkɔ̂
 Je suis presque mort	A tsǐ mə ju î mə kwʉ
 Il est prêt à partir	A yɑ nàbtə̌ wʉd î mbɑ̀ a nɛ̀n nɑ 
 Il est gentil avec moi	A bə̂ mbə mə̀bwɔ bô mə
 Le prix n'est pas un problème	Njòŋ i kə bə tsə̂ ɑ̂ ngʉ̀dnì
 Elle ne m'a pas parlé depuis	A ghubtə̀ mbɑ̀ a kə̂ʼ cob jû mə lɑ
 Je suppose qu'on n'y pourrait rien	Mə kwàtə mbə bə̂ bàg kə̀ kùʼnǐ nə ghʉ̌ ju bwə
 Je veux aller en ville	Mə kɔ̌ nə̀ nɛ̌n toŋə
 J'ai un bon dictionnaire	Mə ghʉ̌ tàʼ ndàcob ndʉ̀ a bwɔ̌
 Elles vous veulent mort	Bo kɔ̌ mbə̂ bìn kwʉ
 Parlez un peu plus fort	Nàʼ nkoʼtə nzə̀ o di
 Tu as juste fait tes devoirs	O ghʉ̌ sû fǎʼ ndɑ
 On a parlé de toi	Bag côb nǔ nùm o
 Tout le monde le faisait	Njǒŋ bə̀nntʉ̀n fa nâʼ nkə ngʉ̂
 Je vous envie	Mə̀ kɔ̌ nə bə mbɑ̂ wʉ lɑ
 Tu vas à l'école	Ò bə̂ nɛ̂n ŋwàʼnì
 Elle n'avait rien à voir avec	A lò kə̀ ghʉ̌ ju ne fàʼ bô yi
 Je lui ai parlé hier	Mə lò cob nù yi ngòk
 Je n'ai parlé à personne	Mə̀ kə̂ʼ cob sɑ̂mju mɛ̀nntʉ̀n
 Je ne sais par où commencer	Mə̀ kə̂ʼ lɛ̌n dʉ̀ʼ zə̀ mə toʼtə bwə lɑ
 Je dispose de temps	Mə ghʉ̌ ngə̀laŋ
 Elle avait confiance en toi	Mə lò nsô njîm wʉ̀
 Le temps passe vite	Ngə̀laŋ bə̂ ntôg ndə 
 Allez dans votre chambre !	Bìn nɛ̂n ntʉ̂m yù toʼndɑ
 Je ne fais que passer	Mẅ nkə nə togə
 Je le connais seulement de nom	Mə lɛn i ̂ bô ndâʼ lɛ̂n sə
 Ils n'ont pu trouver le problème	Bò kə̂ʼ kùʼnǐ nə̀ yən ju zə̀ à lô ghʉ̀dnì lɑ
 Elle veut une cuisine plus grande	A kɔ̌ zə̀ fǎʼmbwogə ghuʼ ncʉɑ̂ʼ yənnî
Nous en avons parlé	Bag cob nǔ nùm bwə
J'étais heureux de ces nouvelles	Nkʉ̂n nɑ nəʼ tsiàntə̌ ntʉ̂ ɑ̀m
Ce garçon n'a montré aucune peur	Mɛ̂n nshûm nɑ kə̂' bwog mbɑ̀ mə ju i
Mon père était occupé	Tɑ ɑm nkə mfâʼ fàʼ
Ça vous rappelle quelque chose ?	A cwɛ̌d ngʉ̂ o kwimtə̀ ju kɑ ?
Je l'ai lu à ma famille	Mə siaŋ i yɑ̀m tǔnndɑ
Ma sœur ressemble à ma mère	Ngòn mɑ ɑm futə mɑ ɑm 
Votre question n'a pas de réponse	Yù mbɛdtə̀ kə̂ʼ ghʉ̌ mbwùntə
Ils me l'ont donné	Bo fɑ̂ mə̀
Je m'en souviens, maintenant	Mə cwɛ̂ɗ nkwimtə ndɔ̌nnî
Ce verre est pour la maison	Lə̂d ntsə̂ lî bə ɑ̂ zə̂ ndɑ
Le père est dans son bureau	Tɑ bə ɑ̂ ntʉ̂m sə̂ ndɑ̂ fàʼ
Je pensais que vous étiez partie	Mə nkə nkwatə mbə bin lò yɑ̂ nɛ̀nə
Je ne cuisine pas vraiment beaucoup	Mə̀ kə̂ʼ bə nâ cɑ̂m kwàʼ cǎŋ
Je suis très fatigué maintenant	Mə bod yɑmə ndɔ̌nnî
Il aime nager	A bə̂ nkɔ̂ nə lǎ ntsə
Elle a eu confiance en vous	A nâʼ sǔ njîm wʉ̀
Elle est prête à y aller	A yɑ̂ nàbtə̌ wʉd î mbɑ̀ a nɛ̀n nɑ
Demain est un autre jour	Ndâmnjʉ bə ɑ̂ môʼ liʼ
Elle a beaucoup parlé	A bə̂ ncobtə yɑmə
Ne regarde pas dans ma chambre	Kɑ̂ lɔtə ntʉ̂m yɑ̀m toʼndɑ
Quelqu'un fera ce travail	mɛ̀nntʉ̀n h̀ʼ fàʼ sə̂n fǎʼ lî
C'était son premier travail	À lô mbə ɑ̂ mbwə̀ fàʼ sə
Je vis seule ici	Mə̀ nkə ntswə zənnî ɑ̂ tʉ̀ʼ ɑ̀m 
Je vous adore toutes	Mə̀ kɔ̀ yin nə̀shù
Faites un bon voyage !	Zǐn mə̀bwɔ
Bon voyage à toi !	Catə mə̀bwɔ
Il s'est arrêté de parler	A tsin nə cobtə
Par ici, je vous prie	Mə lon bin mbə̌ bin tôg nzə̌nnî
On le connaît	Bag lɛ̀n i
Je vous adore	Mə kɔ̀ o ncʉɑ̂tə
Je n'ai pas besoin de bureau	Mə̀ kə̂ʼ ghʉ̌ ju nə ghʉ̀ bô ndʉ̂ʼ fàʼ 
Je vous ai vue	Mə lò njən o
Le plus tôt sera le mieux	A bə̂ ndə̂ndə mbɑ̂ àʼ bwɔ̀
Compte de un à dix	Tʉntə nə̀toʼ ncʉʼ nkûm gham
J'ai été aussi surpris que toi	Mə̀ nkə ncɑm ɑ̂ mbɑ̂ wʉ̀ lɑ
Ce n'est pas le seul problème	A kəʼ bə ɑ̂ ndǎ ngʉ̀dnǐ lɑ
Ils ont le même âge	Bò bwə̂ yub ɑ̂ ntʉ̂m nguʼ ncʉʼ
C'est exactement ce qu'il voulait	Â kwàʼ ju a lô kɔ̀ lɑ
Ils me l'ont fait faire	Bò ghʉ̀ mə fâʼ fàʼ
Cette pièce est trop grande	Nda lî ghuʼ yɑmə
Je vis seul ici	Mə nkə ntsə zənnî ɑ̂ tʉ̀ʼ ɑ̀m
Quel est le problème ?	Ncà bə ɑ̂ kə ?
J'ai trouvé un boulot	Mə yən fàʼ
Allons voir un film	Bag nɛ̌n lɔtə̀ cɔ̌ ntʉ̂m ngʉɑyənə
Je préfère aller nager	Mə kɔ̌ nə̀ nɛ̌n lǎ ntsə
J'étais heureux pour elle	Ntʉ ɑ̂m lò ndun tsìŋtə̀ nǔm tu i
Je lui ai parlé	Mə cobtə bô yi
Ne regarde pas ça !	Kɑ̂ lotə yənnɑ
Il parle anglais et français	A bə̂ ncob flansi bô Nglisi
Il se pourrait que je reste	Bə̂ mə tswə̂ nzə̌nnî
Je dispose d'un peu d'argent	Mə ghʉ̂ mə nkɑb
Il a demandé un peu d'argent	A bɛdtə mə jû nkɑb
Je veux une chambre avec vue	Mə kɔ̂ taʼ tòʼndɑ ntʉm zə bə̂ mə yə̂n ncùndɑ lɑ
Il n'est pas mauvais	À kə̌ʼ bag
À qui sont ces chaussures ?	Nkəto' lî bə ɑ̂ mî wʉ ?
Pas si vite !	Nɛ̂n mə ndàʼndàʼ
Je veux un peu de gâteau	Nə co'o fɑ mə câm tôn tag mə̀
Je suis aimé de ma mère	Mɑ ɑm kɔ̀ ɑm
Tu dois étudier beaucoup plus	A bwɔ̀ mbə̂ ò sô nə̀ta nǔm yù màd nə ziʼ ju 
J'ai une mauvaise vue	mə̀ kə' cwɛ̂d njən nzə̌ mə̀bwɔ