French ,. Mə̀dʉ̂mbɑ̀

L'idée d'une société égalitaire et idéalement harmonieuse,fondée sur l'égalité absolue — ou sur certains degrés d'égalité — entre êtres hum̂ains,est très ancienne : elle est largement antérieure,aussi bien à l'apparition de la mouvance politique communiste qu'au mot « communisme » lui-même,.
Nǔ njʉ kə̀ tɔ̀tə̀ mbɛ̀n mbə bə njʉ ntʉ̂m zə njôn bə̀n fa tswə̂ num diaŋ ncʉ̀ʼ lɑ, kə nə bə ngɔ̌ ntʉ̂m zə̀ sɑ̂m mɛn kə̂ʼ cʉà môʼ lɑ bə ɑ̂ nkwàtə̀ ndʉ̀ a ghobtə̀ nə̀tɛ̌d bə̀nntʉ̀n. A nâʼ bwôg bə̂ ne nkwàtə̀ ne tɔ̂̂ ngɔ̀ ntʉ̂m zə mɛ̀n kə̂ʼ cʉɑ̀ môʼ lɑ.

En dehors des écoles de pensée occidentales,l'idéal d'une société fraternelle se retrouve aussi bien dans le confucianisme — tout particulièrement chez Mencius — que dans le taoïsme,le bouddhisme,ou certains courants de pensée de l'islam,.,,,,,,


Ces idéaux,qui inspirent des mouvements égalitaristes plus tardifs comme celui de la révolte des Taiping,peuvent être considérés comme constituant,en Orient,des ancêtres lointains et indirects du socialisme,.,,,,,


C'est néanmoins en Occident que se développent des précurseurs plus directs de la pensée égalitariste et de l'idée d'abolition de la propriété commun et à en opérer la redistribution,.


Cette communauté intégrale des biens aurait uniquement concerné les citoyens spartiates de plein droit,c'est-à-dire l'élite de la cité : sa réalité n'est en outre pas certaine,.,,,,,,,,


Le mythe de l'âge d'or tient ensuite un rôle important dans les constructions théoriques de l’école classique et hellénistique,.,,,,,,,,,


Platon imagine,dans La République,une cité idéale,divisée en trois classes : les travailleurs,les guerriers et les dirigeants,.,,,,,


Parmi les dirigeants — l'élite de la cité — serait appliquée la mise en commun totale des biens,y compris celle des femmes et des enfants,.,,,,,,,,


On ignore cependant si Platon jugeait applicable cette idée utopique : dans Les Lois,il revient à un égalitarisme foncier rappelant davantage celui de Sparte,mais sous une forme plus souple,.,,,,,,,


La doctrine chrétienne met également l'accent sur le partage des biens matériels: au fil des siècles,la notion d'une société égalitaire où la propriété privée — censée être la source de tous les vices — n'existerait pas,revient autant dans les travaux de penseurs chrétiens réformateurs que dans certaines hérésies,notamment sous la Renaissance dans des courants issus de l'anabaptisme,.,,,,,,


Des communautés établies en Moravie,dans la mouvance des Frères Moraves,pratiquent la fraternité communautaire et ne possèdent rien en propre,.,,,,,,,


Durant la guerre des Paysans allemands,le prêtre itinérant Thomas Münzer,idéologue millénariste,lève une armée de paysans et prône la constitution de « communautés de saints » où tout serait partagé,.,,,,,,


Défait militairement,il est exécuté en 1525,.,,,,,,,,


Le millénarisme égalitaire réapparaît durant la décennie suivante,avec le mouvement anabaptiste conduit par Jan Matthijs,puis par son disciple Jean de Leyde,.,,,,,,,


Inspirés par les idées de Münzer,les anabaptistes animent à Münster,de 1534 jusqu'à leur écrasement en 1536,un régime théocratique et égalitariste,fondé sur communauté universelle des biens et des personnes et comprenant la pratique de la polygamie,.,,,,,


Sur le plan des idées,le courant de pensée utopiste,qui se développe à partir de la Renaissance,exprime une critique sociale par le biais de la description de sociétés fictives,idéales et harmonieuses,où l'égalité parfaite aurait généralement été réalisée par la disparition de la notion de propriété,.,,,,


Le philosophe et théologien Thomas More signe en 1516 le livre Utopia,qui constitue le modèle du genre en décrivant une île où règneraient l'harmonie sociale et la communauté des biens matériels,.,,,,,,,,


Le moine Tommaso Campanella publie en 1602 La Cité du Soleil,ouvrage décrivant une cité idéale fondée sur l'égalité universelle,où la propriété n'existerait pas et où la famille serait remplacée par un système d'éducation communautaire,.,,,,,,,


Les ouvrages de More et de Campanella,fondateurs du courant utopiste,s'inspirent nettement de La République de Platon,.,,,,,,,


L'imaginaire utopique continue par la suite de nourrir une critique radicale de la propriété privée,présente à des degrés divers dans les œuvres d'auteurs des Lumières : en France,le curé Meslier,Morelly et Dom Deschamps posent une partie des principes et idéaux d'égalité et d'harmonie sociale,repris par la suite par le socialisme et par le communisme,.,,,,,


En Grande-Bretagne,William Godwin,dont les idées sont empreintes d'un ascétisme à la fois puritain et individualiste jette les bases d'une forme de « communisme anarchiste » en prônant une organisation sociale sans État ni gouvernement,.,,,,,,,


En France sous le Directoire,Gracchus Babeuf mène en 1796 la conjuration des Égaux : sa pensée,héritière directe de la Révolution française,est particulièrement proche du communisme au sens contemporain du terme,.,,,,,,


Pour l'historien Michel Winock,« Babeuf et le babouvisme offrent le premier exemple de communisme appliqué,à la fois comme idéologie et comme action révolutionnaire »,.,,,,,,,


Sur le plan idéologique,Babeuf préconise une société fondée sur l'égalité de fait,l'administration commune et l'abolition de la propriété particulière,.,,,,,,,


Sur le plan organisationnel,il articule ses aspirations à une pratique révolutionnaire de type nouveau,celle de l'organisation d'un coup de force par un parti clandestin,.,,,,,,,


La préparation de l'insurrection est ainsi confiée par les babouvistes à un état-major secret,la « révolution communiste » devant se faire par la dictature d'une minorité,.,,,,,,,,


Pour Winock,la méthode de Babeuf annonce celles de Blanqui et de Lénine ; de manière plus générale,il voit dans la Révolution française la prémisse de plusieurs Gracchus Babeuf,.,,,,,,,


éléments du socialisme et du communisme,sur le plan des idées comme à celui de la pratique : pour ce qui est de l'exercice du pouvoir,avec le gouvernement révolutionnaire et les mesures d'exception du Comité de salut public que sont la Terreur et l'instauration d'une dictature « provisoire » en raison des circonstances ; pour ce qui est de l'usage du contre-pouvoir avec la pression « populaire » exercée par les sans-culottes ; Babeuf amenant quant à lui,fût-ce au niveau théorique,une technique de la prise du pouvoir,.,,,,,


Philippe Buonarroti,compagnon de Babeuf,s'emploie dans les décennies suivantes à entretenir et diffuser les idées babouvistes,.,,,,,,,


La doctrine et la pratique politique de Babeuf constituent une origine directe de la notion contemporaine de « communisme »,l'égalitarisme,la propriété commune et la redistribution des richesses étant alliés à l'usage de tactiques militantes et révolutionnaires pour prendre le pouvoir,.


Indépendamment du courant d'idées européen,le XIXe siècle voit se dérouler,en Chine,la révolte des Taiping,mouvement fondé sur un mélange de pensée chinoise et de christianisme hétérodoxe,qui prône l'établissement d'une société théocratique strictement égalitaire (l'égalitarisme taiping se révélant très théorique en ce qui concerne les dirigeants du mouvement),.


Les Taiping sont plus tard récupérés par diverses écoles de pensée chinoises,dont les communistes,qui les présentent comme des précurseurs,.,,,,,,,


Formation du terme Le terme « communisme » vient du latin communis formé du préfixe com- signifiant « avec » et d'une racine dérivée du substantif munus renvoyant au « devoir »,à l'« office »,à l'« emploi »,mais pouvant aussi signifier la « fonction » ou la « tâche » ,.


Ce substantif est lui-même issu d'une racine indo-européenne mei signifiant « changer »,« aller »,« échanger » et dont les dérivés (monnaie,municipalité,immunité,etc,) se réfèrent aux échanges de biens et services dans une société selon les lois et les règles établies ,.


À cette racine préfixée s'adjoint le suffixe « -isme » désignant une « doctrine » ,.


Le mot communiste est antérieur à celui de communisme ,.

la politique en son sens plus large, celui de civilité ou Politikos, désigne ce qui est relatif à l'organisation et à l'exercice du pouvoir dans une société organisée.

En général, la politique d'une communauté, d'une société, d'un groupe social, au sens de Politeia, se conforme à une constitution rédigée par ses fondateurs qui définit sa structure et son fonctionnement (méthodique, théorique et pratique).

La politique porte sur les actions, l’équilibre, le développement interne ou externe de cette société, ses rapports internes et ses rapports à d'autres ensembles.

La politique est donc principalement ce qui a trait au collectif, à une somme d'individualités et/ou de multiplicités.

Selon Georges Balandier, l'anthropologie politique « tend à fonder une science du politique, envisageant l'homme sous la forme de l'homo politicus et recherchant les propriétés communes à toutes les organisations politiques reconnues dans leur diversité historique et géographique »2.

Les anthropologues ont distingué quatre systèmes politiques primitifs, qui se situeraient en dehors de toute logique étatique3 ou institutionnelle.

Les bandes de chasseurs-cueilleurs nomades.

Du fait de leur taille réduite (guère plus d'une centaine d'individus), et de leur mobilité, ces bandes n'éprouveraient nul besoin d'instituer des autorités politiques permanentes.

Les sociétés lignagères.

Décrit par Evans-Pritchard, dans son étude classique sur les Nuer, ce système politique implique la réunion de plusieurs groupes familiaux, au sein desquels les aînés possèdent une légitimité particulière, qui les rend aptes à dénouer un conflit.

Les sociétés à notables charismatiques.

Ici, le pouvoir est représenté ponctuellement par quelques personnalités reconnues pour leurs qualités morales ou leurs attributs matériels.

Toutefois, cette dignité demeure individuelle, et n'est pas transmissible héréditairement.

Les sociétés à chefferies. Quelques individus exercent un pouvoir incontestable et héréditaire, dont l'étendue reste cependant variable.

L'existence de sociétés sans États reste néanmoins sujette à caution.

Le phénomène de structuration économique initié au début de l'ère Néolithique atteint un niveau critique, qui entraîne l'émergence d'une nouvelle cellule sociologique, la ville, ainsi que l'avènement d'inégalités sociales4.

L'invention de l'écriture permet l'administration rationnelle d'un espace donné : « les écrits, en effet, permettent de porter au loin des messages, de noter des comptes, de conserver des archives, toutes ressources susceptibles d'aider au plus haut degré l'administration de l'État »5.

L'avènement conjoint de ce modèle sociologique et de cette technologie intellectuelle contribue à l'émergence d'une structure humaine nouvelle, l'État, et de son corollaire, la politique.

À partir de l'an 3000 av. J.-C., Les Cités-États qui apparaissent en Mésopotamie semblent privilégier des régimes politiques assez proches de la monarchie constitutionnelle, voire de la république.

Un poème sumérien étudié en particulier par Samuel Noah Kramer fait ainsi état de la présence de deux assemblées à Uruk, l'une, l'assemblée des anciens, s'apparentant à une sorte de sénat, l'autre à une assemblée du peuple. La légitimité du roi d'Uruk semble dépendre étroitement de ces deux assemblées : il ne déclare en effet la guerre à la cité de Kish qu'après avoir reçu au moins le soutien de l'assemblée du peuple6.

Qui plus est, l'attribution du pouvoir royal n'est que rarement héréditaire.

Le terme sumérien pour désigner le roi, Lugal, consiste en effet en l'association de la racine Lu, homme et gal, grand. Ce qui importe ici avant tout ce sont les qualités morales et nullement l'appartenance héréditaire : Sargon d'Akkad n'obtient ainsi le trône que grâce à ses vertus royales7.

Progressivement le pouvoir monarchique se renforce, tout à la fois en puissance (les premières cérémonies de sacre, qui impliquent une légitimité de droit divin apparaissent au début du IIe millénaire av. J.-C.7) et en étendue (les cités-États sont absorbées par de grands royaumes).

Les institutions démocratiques et républicaines, notées par Kramer, tombent de fait en désuétude.

Le renforcement de l'autorité monarchique va favoriser, au cours du premier quart du IIe millénaire av. J.-C., la mise en place d'une administration et d'une jurisprudence normalisées, évolution illustrées par les codes d'Ur-Nammu (vers -2100), de Lipit-Ishtar (vers -1930) et d'Hammurabi (vers -1750), ainsi que les Lois d'Eshnunna (vers -1760)8.

Certes ces premiers corpus juridiques n'ont aucune visée exhaustive et s'apparentent plutôt par leur style à des recueils de prescriptions morales8.

Toutefois le fait qu'ils entendent corriger les traditions orales dans une optique rationnelle représente une rupture importante : « la situation dans une société proche-orientale est donc très différente de celle des sociétés sans histoires, où les coutumes sont absolument fixes et où le changement est subi et non organisé »9.

L'affermissement de grands États centralisés et rationalisés induit l'organisation de relations internationales.

De la fin du IIe millénaire av. J.-C. à -1100, un espace allant de l'Égypte à Élam, et de l'Arabie au royaume Hittite est régi par un système diplomatique élaboré : le système d'Armana10.

Fondé sur un relatif équilibre géopolitique entre quatre ou cinq grandes puissances, ce système dispose de sa lingua franca, l'akkadien, et de ses protocoles propres.

Ainsi, les « différents rois entretenant des relations diplomatiques sont réputés appartenir à une seule et même grande famille ou grande maison (…) les rois de statut identique se traitent de frères, ceux de moindre envergure sont les fils ou les serviteurs des premiers »10.

Les invasions successives des peuples de la mer mettent fin à cette construction politique élaborée.

Il semble ainsi que les États proche-orientaux ont forgé la quasi-totalité des formes et structures politiques.

Pour autant si le politique est certes un objet bien établi, il ne s'agit en aucun cas d'une pensée ni d'une théorie politique. : « jamais le mythe, la loi, la coutume dans leur ensemble ne deviendront objet de débat explicite, parce qu'elles continuent à relever du sacré, et du sacré seul »11.

Les hommes d'États proche-orientaux se préoccupent avant tout des politiques, de la gestion des affaires administratives, et fort peu de la Politique, de l'ordre étatique dans son ensemble — car l'ordre est partie prenante de l'ordre divin dans son ensemble, et ne saurait être contesté, discuté ou simplement considéré.

Les Bamilékés parlaient une langue unique, le bamiléké, jusqu'à leur démembrement au milieu du xive siècle, à la mort de leur souverain.

Du bamiléké naquirent le bamiléké-bafoussam et le bamoun.

Le bamoun se ramifia en une soixantaine de sous-variantes dialectales avant de se voir unifié par les sultans Mbouombouo et Njoya notamment.

Pour sa part, le bamiléké-bafoussam continua à se ramifier pour donner naissance, au fil des siècles, à des dizaines de variantes dialectales, elles-mêmes possédant des sous-variantes plus ou moins négligeables.

Le bamiléké-bafoussam est donc la langue-mère de la plupart des autres dialectes bamiléké, hormis le bamoun et le lamnso, eux aussi dérivés directement du protobamiléké unique.

Mais le métissage linguistique (influences réciproques multiséculaires) est resté (et serait encore) de taille (ex. du bamoun sur les dialectes et sous-dialectes du Ndé).

La naissance, ou parturition, est le moment du début de l'existence autonome (en dehors de l'organisme maternel ou d'un œuf) d'un être vivant.

D'une manière générale, pour un animal, la naissance est considérée comme le moment où il sort du ventre de sa mère chez les mammifères, ou de l'œuf chez les reptiles, oiseaux, batraciens, insectes et la plupart des poissons.

La naissance biologique se produit à l'accouchement quand l'enfant est expulsé du ventre maternel, puis que le cordon ombilical est coupé ; l'enfant devient alors capable d'une activité respiratoire autonome.

Du point de vue juridique l'heure et le lieu de naissance a une importance qui justifie dans la plupart des pays développés la définition très stricte de l'instant de la naissance, qui aura de très nombreuses conséquences dans le droit (et parfois la morale dans certains contextes culturels).

En droit, la naissance définit le point de départ de l'existence d'une personne : une personne qui naît acquiert d'office1 une personnalité juridique, source de droits (notamment le droit à la vie) mais aussi d'obligations. Ainsi, une fois né, tout acte allant contre l'intégrité de la vie d'un être humain peut être appréhendé comme un homicide.

Le statut juridique et moral d'avant la naissance est soumis à des fluctuations culturelles et religieuses : pour certaines conceptions religieuses, l'embryon de moins de trois mois, et dès la conception, ne peut être empêché de se développer sans que les personnes qui prennent cette décision ne soient condamnables.

Deux comportements sont particulièrement visés : l'avortement et la non-assistance médicale à un enfant dont on estime qu'il ne sera pas viable. Mais, il y a aussi le cas de la mort du fœtus : une personne qui tue accidentellement un fœtus dans le ventre de sa mère (accident de voiture, empoisonnement, maltraitances...) est-elle coupable d'un homicide ?

La question est tranchée différemment selon les différents droits nationaux en fonction des représentations sociales propres à chaque nation.

Le lieu de naissance à des conséquences juridiques et sociales.

Il est source de droits et devoirs, notamment en tant que déterminant de la nationalité (pour les pays partisans d'un droit du sol).

La date de naissance détermine l'âge d'une personne, sa date d'anniversaire et — juridiquement — certains de ses droits (concept de majorité).

Selon qu'elle est située ou non dans le cours d'un mariage, la date de naissance définit les concepts d'enfant légitime et d'enfant naturel.

La date de naissance est utilisée par les astrologues pour définir l'horoscope et le thème astral d'une personne.

Dans la morale et la religion, la question de la naissance a longtemps été débattue, pour alimenter les questions juridiques sur le droit de l'enfant à naître et de l'enfant non-viable.

Augustin d'Hippone, théologien et père de l'Église s'est par exemple demandé à quel moment le fœtus pouvait être doté d'une âme ; il situait différemment cette date selon le sexe de l'enfant : les garçons — selon lui — avaient une âme plus précocement.

Au xxie siècle, une grande partie du combat des collectifs pros-vie contre l'avortement repose sur la reconnaissance de droits à l'enfant à naître.

Naissances multiples

Les jumeaux dans de nombreuses civilisations ont été considérés d'une manière particulière, comme aussi dans les mythes et religions (Romulus et Rémus, Castor et Pollux, etc.)

Du point de vue de la santé, les naissances multiples posent souvent plus de problèmes.

Et le développement de la conception assistée pose de nouvelles questions éthiques et épidémiologiques.

En effet les FIV et l'utilisation de la stimulation ovarienne augmentent beaucoup de risque d'avoir des jumeaux ou des triplés (quel que soit l'âge de la mère2), souvent associés à une prématurité et à un risque plus élevé de problèmes de développement ensuite. Le risque de mortalité pour la mère est également augmenté.

Les traitements de stimulation ovarienne utilisés dans les années 1990-2010 ont permis de multiplier par 4 le nombre de naissance par rapport aux autres traitements, et ils sont à l'origine de 4,5 % des naissances aux États-Unis, mais ils sont aussi à l'origine de presque 23 % de naissances multiples, souvent prématurées.

Ces bébés prématurés plus nombreux correspondent à un coût supplémentaire de 26 millions de dollars/an pour les seuls États-Unis, non inclus les coûts de soins dans la vie future. Une autre question, éthique, est que les parents ne pouvant pas avoir naturellement d'enfants pourraient ainsi faire passer à leur descendance des gènes délétères.

Dieu (Écouter) désigne un être ou force suprême structurant l'univers ; il s'agit selon les croyances soit d'une personne, soit d'un concept philosophique ou religieux.

Principe fondateur dans les religions monothéistes, Dieu est l'être suprême, unique, transcendant, universel, créateur de toutes choses, doté d'une perfection absolue, constituant le principe de salut pour l'humanité et qui se révèle dans le déroulement de l'histoire.

Comme entité philosophique, Dieu est le principe d'explication et d'unité de l'univers.

L'existence réelle d'un être suprême et les implications politiques, philosophiques, scientifiques, sociales et psychologiques qui en découlent font l'objet de nombreux débats à travers l'Histoire, les croyants monothéistes appelant à la foi, tandis qu'elle est contestée sur les terrains philosophique et religieux par les libres-penseurs, agnostiques, athées ou croyants sans Dieu.

La notion de Dieu revêt un considérable impact culturel, notamment dans la musique, la littérature, le cinéma, la peinture, et plus généralement dans les arts. La représentation de Dieu et la façon de nommer Dieu varient en fonction des époques et systèmes de croyances.

Une forêt ou un massif forestier est une étendue boisée, relativement grande, constituée d'un ou plusieurs peuplements d'arbres, arbustes et arbrisseaux (fruticée), et aussi d'autres plantes indigènes associées. Les définitions du terme « forêt » sont nombreuses en fonction des latitudes et des usages (voir FAO).

Un boisement de faible étendue est dit bois, boqueteau ou bosquet selon son importance.

Divers types de forêts existent ; des forêt primaire aux forêts dites urbaines, avec les gradients intermédiaires1. Il existe également de nombreux types d'exploitation des forêts (sylviculture, agrosylviculture).

La forêt est aussi un milieu de vie et une source de revenus pour l'être humain : au début du xxe siècle, plus de 500 millions de personnes, dont 150 millions d’autochtones vivent encore en forêt ou à ses abords2. Elle abrite une grande richesse écologique.

L'action de l'Homme dans plusieurs régions du monde conduit à une destruction ou une surexploitation des forêts.

Cela engendre une importante déforestation qui concerne surtout actuellement les forêts tropicales et dans une moindre mesure la taïga.

La moitié des forêts de la planète a été détruite au cours du xxe siècle.

Il n'y a pas de gouvernance mondiale des forêts, ni de convention internationale, mais l'ONU a mis en place un forum des Nations unies sur les forêts (FNUF) qui a réuni sa 10e session en 20135 qui envisage notamment un accord juridiquement contraignant sur les forêts et une comptabilisation harmonisée du capital naturel forestier et un éventuel fonds mondial pour les forêts.

Le vaudou (ou vodou, ou vodoun, ou encore voodoo), plus rarement appelé vaudouisme, est une religion originaire de l'ancien royaume du Dahomey (Afrique de l'Ouest). Parfois assimilé à des pratiques occultes éclatées en de multiples communautés, cette religion d'ordre cosmique issue des cultes animistes africains1, est toujours largement répandue au Bénin et au Togo, comme dans le célèbre marché des féticheurs à Lomé.

À partir du xviie siècle, les Noirs capturés, réduits en esclavage, originaires de cette région d'Afrique répandirent le culte vaudou aux Caraïbes et en Amérique.

Le vaudou se retrouve donc sous différentes formes à Cuba, en Haïti, au Brésil ou encore aux États-Unis, en Louisiane surtout. 

Il s'est aussi répandu en Afrique du Nord, où il se retrouve sous différentes formes, dont la plus connue est le Gnawa au Maroc mélangé au folklore religieux arabo-musulman.

Le culte vaudou compte environ 50 millions de pratiquants dans le monde.

De nombreuses communautés « vaudouisantes » existent dans le monde entier, majoritairement sur le continent américain, et aux Antilles.

Il existe en Europe des communautés plus discrètes mais néanmoins actives tel que le Hounfor bonzanfè, le Lakou sans Lune ou le Hounfor Konblanmen.

Au début du xxie siècle, le vaudou s'étend également au Canada où de nombreuses communautés ont vu le jour et tentent de mettre ce système de croyance au devant de la scène.

Par définition, le climat tropical est un type de climat présent entre les tropiques, jusqu'à 15 à 25 degrés de latitude nord et sud mais les fruits tropicaux ne sont pas cantonnés à ces zones.

Il existe des régions à des latitudes supérieures dont les conditions climatiques sont similaires aux régions tropicales.

Pour ces raisons, il est admis que le climat tropical s'étend jusqu'au trentième parallèle.

Ce qui caractérise les fruits tropicaux n'est pas tant la zone géographique où ils poussent que le climat environnant.

De nombreux fruits tropicaux poussent dans des régions qui ne sont pas qualifiées de tropicales ou subtropicales mais qui ont un climat chaud, une température constante ainsi qu'une humidité élevée.

Ces zones sont caractérisées par une température moyenne de 27 °C, avec une différence de quelques degrés seulement entre le mois le plus chaud et celui le plus froid et avec une différence de température entre le jour et la nuit supérieure à la différence entre le mois le plus chaud et celui le plus froid ainsi qu'une faible variation annuelle de la durée du jour et de la nuit, le jour ne dépassant pas treize heures5.

Les fruits tropicaux nécessitent également un environnement humide.

Le mariage est une union conjugale contractuelle et/ou rituelle, à durée illimitée, déterminée ou indéterminée, reconnue et encadrée par une institution juridique ou religieuse qui en détermine les modalités.

Le terme désigne à la fois la cérémonie rituelle, l'union qui en est issue et l'institution en définissant les règles.

C'est l'un des cadres établissant les structures familiales d'une société.

Les formes varient d'une société à une autre, et parfois au sein de la même société.

Les mariages diffèrent dans les conséquences matérielles de l'engagement matrimonial (droits et obligations des époux, modalités de rupture, solidarités de dettes…), par les conditions à remplir par les époux pour être mariables (possibilité ou non de mariage homosexuel, de mariage mixte, de remariage, de mariage consanguin, de mariage non consenti), par le statut qu'il confère au sein de la société (possibilité d'adoption, suspension de la personnalité juridique d'un des époux), par le déroulement du rite célébrant le mariage, par la symbolique associée à son engagement (religieuse ou civile, mariage d'amour, mariage arrangé ou mariage blanc…), par les conséquences sociales de l'union des époux (alliances entre familles).

L'importance du mariage diffère également selon les sociétés, notamment en fonction de la présence ou non d'autres formes de conjugalité (union libre, concubinage, union civile), des formes de celles-ci et du degré d'acceptation de ces modes de vie plus informels par la société.

Le mariage est défini usuellement comme étant l'union légitime d'un homme et d'une femme et, plus récemment, comme «  une union légitime entre deux personnes qui souhaitent créer une famille et vivre ensemble ».

Le mariage s'entend également comme « l'acte par lequel le couple se place dans une situation juridique durable afin d'organiser la vie commune et de préparer la création d'une famille ».

Le mariage est ainsi un acte officiel et solennel qui institue entre deux époux une communauté socialement reconnue appelée « famille » (ou foyer, feu, ménage) dont le but est de constituer un cadre de vie stable, commun aux parents et aux enfants pour leur éducation.

Le mariage est défini usuellement comme étant l'union légitime d'un homme et d'une femme6 et, plus récemment, comme «  une union légitime entre deux personnes qui souhaitent créer une famille et vivre ensemble ».

Le mariage s'entend également comme « l'acte par lequel le couple se place dans une situation juridique durable afin d'organiser la vie commune et de préparer la création d'une famille ».

Le mariage est ainsi un acte officiel et solennel qui institue entre deux époux une communauté socialement reconnue appelée « famille » (ou foyer, feu, ménage) dont le but est de constituer un cadre de vie stable, commun aux parents et aux enfants pour leur éducation.

Cette communauté inclut souvent celle du patrimoine familial.

Dans les sociétés traditionnelles, le mariage est l'alliance politique de deux familles ou de deux clans.

Les systèmes juridiques positifs consacrent son existence et l'encadrent, sans nécessairement en donner une définition explicite. Il en est ainsi, par exemple, du droit français qui ne contient que ses conditions et ses effets8 et sa fin (annulation, mort ou divorce).

Le mariage est une institution qui a pris de multiples formes selon les peuples et au cours de l'histoire. Visant universellement à sanctionner un cadre voué au développement de la famille9, le mariage donne un statut particulier aux époux : il émancipe la personne, qui devient majeure, et lui donne des obligations envers son conjoint, sa future progéniture et la famille de son conjoint. L'établissement d'un mariage donne toujours lieu à une cérémonie publique, et souvent à une fête, l'ensemble étant appelé « noces »10. Le mariage a ainsi un caractère juridique mais aussi rituel11 (profane ou religieux). Dans les pays où les institutions politiques sont séparées des institutions religieuses, on distingue le mariage civil du mariage religieux (lequel requiert généralement un mariage civil au préalable).

Dans certains cas, les époux ne peuvent contracter un nouveau mariage tant que le premier est valide ; on parle alors de système monogame.

Parfois, plusieurs mariages peuvent être contractés simultanément avec plusieurs personnes en même temps ; le système est alors dit polygame.

Le mariage polygame peut lier un homme avec plusieurs femmes : c'est la polygynie.

La polyandrie désigne le mariage d'une femme avec plusieurs hommes, un type d'union polygame.

Depuis 2012, deux cas de mariage à trois ont été rapportés, au Brésil et en Colombie.

Ils ont été dans les deux cas contractés devant notaire, et sont sujet à controverse[réf. nécessaire].

Cette communauté inclut souvent celle du patrimoine familial. Dans les sociétés traditionnelles, le mariage est l'alliance politique de deux familles ou de deux clans.

Les systèmes juridiques positifs consacrent son existence et l'encadrent, sans nécessairement en donner une définition explicite. Il en est ainsi, par exemple, du droit français qui ne contient que ses conditions et ses effets8 et sa fin (annulation, mort ou divorce).

Le mariage est une institution qui a pris de multiples formes selon les peuples et au cours de l'histoire.

Visant universellement à sanctionner un cadre voué au développement de la famille9, le mariage donne un statut particulier aux époux : il émancipe la personne, qui devient majeure, et lui donne des obligations envers son conjoint, sa future progéniture et la famille de son conjoint.

L'établissement d'un mariage donne toujours lieu à une cérémonie publique, et souvent à une fête, l'ensemble étant appelé « noces »10. Le mariage a ainsi un caractère juridique mais aussi rituel11 (profane ou religieux).

Dans les pays où les institutions politiques sont séparées des institutions religieuses, on distingue le mariage civil du mariage religieux (lequel requiert généralement un mariage civil au préalable).

Dans certains cas, les époux ne peuvent contracter un nouveau mariage tant que le premier est valide ; on parle alors de système monogame.

Parfois, plusieurs mariages peuvent être contractés simultanément avec plusieurs personnes en même temps ; le système est alors dit polygame.

Le mariage polygame peut lier un homme avec plusieurs femmes : c'est la polygynie.

La polyandrie désigne le mariage d'une femme avec plusieurs hommes, un type d'union polygame.

Depuis 2012, deux cas de mariage à trois ont été rapportés, au Brésil et en Colombie.

Ils ont été dans les deux cas contractés devant notaire, et sont sujet à controverse.

Pour Rousseau, l'homme naît bon, la société le pervertit. "Le principe fondamental de toute morale, sur lequel j'ai raisonné dans tous mes écrits et que j'ai développé dans ce dernier avec toute la clarté dont j'étais capable, est que l'homme est un être naturellement bon, aimant la justice et l'ordre ; qu'il n'y a point de perversité originelle dans le cœur humain, et que les premiers mouvements de la nature sont toujours droits.

J'ai fait voir que l'unique passion qui naisse avec l'homme, savoir l'amour de soi, est une passion indifférente en elle-même au bien et au mal ; qu'elle ne devient bonne ou mauvaise que par accident, et selon les circonstances dans lesquelles elle se développe.

J'ai montré que tous les vices qu'on impute au cœur humain ne lui sont point naturels : j'ai dit la manière dont ils naissent ; j'en ai pour ainsi dire suivi la généalogie ; et j'ai fait voir comment, par l'altération successive de leur bonté originelle, les hommes deviennent enfin ce qu'ils sont.

J'ai encore expliqué ce que j'entendais par cette bonté originelle, qui ne semble pas se déduire de l'indifférence au bien et au mal, naturelle à l'amour de soi.

L'homme n'est pas un être simple ; il est composé de deux substances.

Si tout le monde ne convient pas de cela, nous en convenons vous et moi, et j'ai tâché de le prouver aux autres.

Cela prouvé, l'amour de soi n'est plus une passion simple mais elle a deux principes, savoir, l'être intelligent et l'être sensitif dont le bien-être n'est pas le même.

L'appétit des sens tend à celui du corps, et l'amour de l'ordre à celui de l'âme.

Ce dernier amour, développé et rendu actif, porte le nom de conscience ; mais la conscience ne se développe et n'agit qu'avec les lumières de l'homme.

Ce n'est que par ces lumières qu'il parvient à connaître l'ordre, et ce n'est que quand il le connaît que sa conscience le porte à l'aimer.

La conscience est donc nulle dans l'homme qui n'a rien comparé et qui n'a point vu ses rapports.

Dans cet état, l'homme ne connaît que lui ; il ne voit son bien-être opposé ni conforme à celui de personne ; il ne hait ni n'aime rien ; borné au seul instinct physique, il est nul, il est bête : c'est ce que j'ai fait voir dans mon Discours sur l'inégalité.

Quand, par un développement dont j'ai montré le progrès, les hommes commencent à jeter les yeux sur leurs semblables, ils commencent aussi à voir leurs rapports et les rapports des choses, à prendre des idées de convenance, de justice et d'ordre ; le beau moral commence à leur devenir sensible, et la conscience agit : alors ils ont des vertus ; et s'ils ont aussi des vices, c'est parce que leurs intérêts se croisent, et que leur ambition s'éveille à mesure que leurs lumières s'étendent.

Mais tant qu'il y a moins d'opposition d'intérêts que de concours de lumières, les hommes sont essentiellement bons.

Voilà le second état. Shʉ̂ môʼ màd nə̀ bə lɑ

Une des discussions les plus reprises en Chine a été celle de la nature bonne ou mauvaise de l'homme.

Selon Confucius, la nature humaine est originairement bonne.

L'homme, dès sa naissance, est constitué dans la droiture.

Siun-tseu (Xun Zi) dit le contraire : "La nature humaine est mauvaise ; ce qu'elle a de bon est artificiel ; la nature humaine, dès la naissance, a l'amour du gain, et c'est parce qu'elle s'y conforme que naissent la rivalité et le vol, et que le désintéressement n'existe pas.

Le squelette du chien compte environ trois cents os (soit environ quatre-vingts de plus qu'un squelette humain adulte), le nombre étant variable d'une race à l'autre.

Malgré sa domestication et la dépendance à l'homme qui en découle, le chien a gardé sa musculature athlétique qui en fait un animal sportif et actif.

Il possède un thorax large et descendu, et des pattes qui ne reposent au sol que par leur troisième phalange.

Le chien est donc un digitigrade.

Les membres antérieurs comportent cinq doigts, dont l'un, le pouce, nommé ergot, est atrophié et ne touche pas le sol.

Les postérieurs en comptent généralement quatre, l'ergot n'existant que chez certaines races mais pouvant être double chez quelques bergers (beauceron, briard).

Les cinq orteils se terminent par des griffesnote 1 et sont soutenus par des coussinets plantaires.

-La tête du chien comporte une mâchoire puissante . Mbʉ ghʉ̌ nsɔ̂ ncu i ndʉ̀ a tâ nə̀shù
La force exercée par la mâchoire d'un rottweiler a été mesurée à 149 kg.cm−2, celle d'un berger allemand a une force surfacique de 108 kg/cm2, et celle d'un pitbull 106 kg/cm2.

-La denture définitive, constituée de quarante-deux dents, est en place vers 6 mois . Nsɔ nkə̀ nkûʼ ncu i ɑ̂ ncòbbɑhɑ ŋâmkuɑ̀ ngə̀laŋ a ghʉ̂ ŋwʉ ntog lɑ
Chez le chien, la taille et la masse sont très variables d'une race à l'autre : dans les extrêmes, la masse du chihuahua peut être de 900 g et celui du mastiff peut atteindre 140 kg.

-L'espérance de vie de cet animal est en moyenne de onze ans, sachant que la durée de vie peut habituellement aller de huit à vingt et un ans . Ngə̀laŋ bo bwə i lɑ, be a tswə nguʼ ncòbncʉ̀ʼ gham, ndɛ̂n mbə bə̂ a tswə nətoʼ ngùʼ fomə nkûm ngùʼ ncòbncʉ̀ʼ ŋambɑhɑ
-Son sens de l'orientation est beaucoup plus précis que celui de l'homme . A bə̂ ndɛ̂n nə̀ kâ mbɛ̀n nkwimtə mɑ̂nzə̀ ncʉâ mɛ̀nntʉ̀n
-De même, son sens de l'équilibre serait légèrement plus aiguisé . Ndâŋndaŋ a kùʼnǐ ne tsin tʉ kə̀ bàʼ ncʉɑ̂ mə̀nntʉ̀n
-La maladie est une altération des fonctions ou de la santé d'un organisme vivant . Ngòkɛd bə ɑ̂ mbɑ̀tə̀ kə̀bwɔ̀ a bə nsə̂ʼ ntʉ̂m yôg jû lɑ
-On parle aussi bien de la maladie, se référant à l'ensemble des altérations de santé, que d'une maladie, qui désigne alors une entité particulière caractérisée par des causes, des symptômes, une évolution et des possibilités thérapeutiques propres . Bò bə̂ mbɛ̂n ndôʼ nû ne ghònə mbagtə wud nə̀ bàdə̌ yi ncʉâ mbɑ̀ ngòkɛle zə̀ a ghʉ̂m zə̀ mâd nə làʼtə̀ lɑ, ngʉ̂ zə̀ ju a bə̂ nkam i lɑ, ngʉ̂ zə̀ màd ne bàtə̌ mbɛ̀n ngʉ̂ fu sə
-Un malade est une personne souffrant d'une maladie, qu'elle soit déterminée ou non . Ngà ngòkɛd bə ɑ̂ mɛ̀nntʉ̀n a cwɛ̂d ngôn nɑ. Kɑ̀ bo lɛ̂n ngokɛd kɑ bò kə lɛ̀n nô
-La plupart du temps ce terme est utilisé pour désigner un être humain . Bò nkə njâ yən yə̂n jûncob li ɑ̂ ngə̀laŋ zə̀ bo cwɛ̂d ncob nû nǔm mə̀nntʉ̀n nɑ
-Lorsqu'il est pris en charge par un médecin ou qu'il reçoit une attention médicale, on parle alors de patient . Ngə̀laŋ zə̀ ndɛ̀nghon cwɛ̂d ndɔtə i lɑ a tʉ̂ʼ *patient
-La santé et la maladie sont liées aux processus biologiques et aux interactions avec le milieu social et environnemental . Yòg bô ngòkɛle bumtə ɑ̂ ntàmtə̀ màd wud bə̂ mfâʼ yi lɑ mbɛ̀n ghʉ̂ dʉ̂ʼ ntswə bô shu tsə à ghəbtə mbaŋ mɛ̀n nɑ

Généralement, la maladie se définit comme une entité opposée à la santé, dont l'effet négatif est dû à une altération ou à une désharmonisation d'un système à un niveau quelconque (corporel, mental, émotionnel…) de l'état physiologique ou morphologique considérés comme normal, équilibré ou harmonieux.
Ò juʼ bo côb nǔ ngòkɛd mbɑ̂ nə̀ta kə̂ʼ bə ndʉ 